-- MySQL dump 10.13  Distrib 8.0.22, for Win64 (x86_64)
--
-- Host: 47.103.209.183    Database: project
-- ------------------------------------------------------
-- Server version	5.7.32-0ubuntu0.18.04.1

/*!40101 SET @OLD_CHARACTER_SET_CLIENT=@@CHARACTER_SET_CLIENT */;
/*!40101 SET @OLD_CHARACTER_SET_RESULTS=@@CHARACTER_SET_RESULTS */;
/*!40101 SET @OLD_COLLATION_CONNECTION=@@COLLATION_CONNECTION */;
/*!50503 SET NAMES utf8mb4 */;
/*!40103 SET @OLD_TIME_ZONE=@@TIME_ZONE */;
/*!40103 SET TIME_ZONE='+00:00' */;
/*!40014 SET @OLD_UNIQUE_CHECKS=@@UNIQUE_CHECKS, UNIQUE_CHECKS=0 */;
/*!40014 SET @OLD_FOREIGN_KEY_CHECKS=@@FOREIGN_KEY_CHECKS, FOREIGN_KEY_CHECKS=0 */;
/*!40101 SET @OLD_SQL_MODE=@@SQL_MODE, SQL_MODE='NO_AUTO_VALUE_ON_ZERO' */;
/*!40111 SET @OLD_SQL_NOTES=@@SQL_NOTES, SQL_NOTES=0 */;

--
-- Table structure for table `auth_group`
--

DROP TABLE IF EXISTS `auth_group`;
/*!40101 SET @saved_cs_client     = @@character_set_client */;
/*!50503 SET character_set_client = utf8mb4 */;
CREATE TABLE `auth_group` (
  `id` int(11) NOT NULL AUTO_INCREMENT,
  `name` varchar(150) NOT NULL,
  PRIMARY KEY (`id`),
  UNIQUE KEY `name` (`name`)
) ENGINE=InnoDB DEFAULT CHARSET=utf8;
/*!40101 SET character_set_client = @saved_cs_client */;

--
-- Dumping data for table `auth_group`
--

LOCK TABLES `auth_group` WRITE;
/*!40000 ALTER TABLE `auth_group` DISABLE KEYS */;
/*!40000 ALTER TABLE `auth_group` ENABLE KEYS */;
UNLOCK TABLES;

--
-- Table structure for table `auth_group_permissions`
--

DROP TABLE IF EXISTS `auth_group_permissions`;
/*!40101 SET @saved_cs_client     = @@character_set_client */;
/*!50503 SET character_set_client = utf8mb4 */;
CREATE TABLE `auth_group_permissions` (
  `id` int(11) NOT NULL AUTO_INCREMENT,
  `group_id` int(11) NOT NULL,
  `permission_id` int(11) NOT NULL,
  PRIMARY KEY (`id`),
  UNIQUE KEY `auth_group_permissions_group_id_permission_id_0cd325b0_uniq` (`group_id`,`permission_id`),
  KEY `auth_group_permissio_permission_id_84c5c92e_fk_auth_perm` (`permission_id`),
  CONSTRAINT `auth_group_permissio_permission_id_84c5c92e_fk_auth_perm` FOREIGN KEY (`permission_id`) REFERENCES `auth_permission` (`id`),
  CONSTRAINT `auth_group_permissions_group_id_b120cbf9_fk_auth_group_id` FOREIGN KEY (`group_id`) REFERENCES `auth_group` (`id`)
) ENGINE=InnoDB DEFAULT CHARSET=utf8;
/*!40101 SET character_set_client = @saved_cs_client */;

--
-- Dumping data for table `auth_group_permissions`
--

LOCK TABLES `auth_group_permissions` WRITE;
/*!40000 ALTER TABLE `auth_group_permissions` DISABLE KEYS */;
/*!40000 ALTER TABLE `auth_group_permissions` ENABLE KEYS */;
UNLOCK TABLES;

--
-- Table structure for table `auth_permission`
--

DROP TABLE IF EXISTS `auth_permission`;
/*!40101 SET @saved_cs_client     = @@character_set_client */;
/*!50503 SET character_set_client = utf8mb4 */;
CREATE TABLE `auth_permission` (
  `id` int(11) NOT NULL AUTO_INCREMENT,
  `name` varchar(255) NOT NULL,
  `content_type_id` int(11) NOT NULL,
  `codename` varchar(100) NOT NULL,
  PRIMARY KEY (`id`),
  UNIQUE KEY `auth_permission_content_type_id_codename_01ab375a_uniq` (`content_type_id`,`codename`),
  CONSTRAINT `auth_permission_content_type_id_2f476e4b_fk_django_co` FOREIGN KEY (`content_type_id`) REFERENCES `django_content_type` (`id`)
) ENGINE=InnoDB AUTO_INCREMENT=121 DEFAULT CHARSET=utf8;
/*!40101 SET character_set_client = @saved_cs_client */;

--
-- Dumping data for table `auth_permission`
--

LOCK TABLES `auth_permission` WRITE;
/*!40000 ALTER TABLE `auth_permission` DISABLE KEYS */;
INSERT INTO `auth_permission` VALUES (1,'Can add log entry',1,'add_logentry'),(2,'Can change log entry',1,'change_logentry'),(3,'Can delete log entry',1,'delete_logentry'),(4,'Can view log entry',1,'view_logentry'),(5,'Can add permission',2,'add_permission'),(6,'Can change permission',2,'change_permission'),(7,'Can delete permission',2,'delete_permission'),(8,'Can view permission',2,'view_permission'),(9,'Can add group',3,'add_group'),(10,'Can change group',3,'change_group'),(11,'Can delete group',3,'delete_group'),(12,'Can view group',3,'view_group'),(13,'Can add content type',4,'add_contenttype'),(14,'Can change content type',4,'change_contenttype'),(15,'Can delete content type',4,'delete_contenttype'),(16,'Can view content type',4,'view_contenttype'),(17,'Can add session',5,'add_session'),(18,'Can change session',5,'change_session'),(19,'Can delete session',5,'delete_session'),(20,'Can view session',5,'view_session'),(21,'Can add 用户信息',6,'add_userprofile'),(22,'Can change 用户信息',6,'change_userprofile'),(23,'Can delete 用户信息',6,'delete_userprofile'),(24,'Can view 用户信息',6,'view_userprofile'),(25,'Can add 队伍信息',7,'add_grouporg'),(26,'Can change 队伍信息',7,'change_grouporg'),(27,'Can delete 队伍信息',7,'delete_grouporg'),(28,'Can view 队伍信息',7,'view_grouporg'),(29,'Can add Annexation',8,'add_annexation'),(30,'Can change Annexation',8,'change_annexation'),(31,'Can delete Annexation',8,'delete_annexation'),(32,'Can view Annexation',8,'view_annexation'),(33,'Can add 权限',9,'add_authority'),(34,'Can change 权限',9,'change_authority'),(35,'Can delete 权限',9,'delete_authority'),(36,'Can view 权限',9,'view_authority'),(37,'Can add 选择组件',10,'add_chooseevent'),(38,'Can change 选择组件',10,'change_chooseevent'),(39,'Can delete 选择组件',10,'delete_chooseevent'),(40,'Can view 选择组件',10,'view_chooseevent'),(41,'Can add 组件',11,'add_event'),(42,'Can change 组件',11,'change_event'),(43,'Can delete 组件',11,'delete_event'),(44,'Can view 组件',11,'view_event'),(45,'Can add 项目成绩',12,'add_eventgrades'),(46,'Can change 项目成绩',12,'change_eventgrades'),(47,'Can delete 项目成绩',12,'delete_eventgrades'),(48,'Can view 项目成绩',12,'view_eventgrades'),(49,'Can add 时间选择组件',13,'add_participantevent'),(50,'Can change 时间选择组件',13,'change_participantevent'),(51,'Can delete 时间选择组件',13,'delete_participantevent'),(52,'Can view 时间选择组件',13,'view_participantevent'),(53,'Can add 项目附件',14,'add_projectattachment'),(54,'Can change 项目附件',14,'change_projectattachment'),(55,'Can delete 项目附件',14,'delete_projectattachment'),(56,'Can view 项目附件',14,'view_projectattachment'),(57,'Can add 项目评论',15,'add_projectcomment'),(58,'Can change 项目评论',15,'change_projectcomment'),(59,'Can delete 项目评论',15,'delete_projectcomment'),(60,'Can view 项目评论',15,'view_projectcomment'),(61,'Can add 项目成绩',16,'add_projectgrades'),(62,'Can change 项目成绩',16,'change_projectgrades'),(63,'Can delete 项目成绩',16,'delete_projectgrades'),(64,'Can view 项目成绩',16,'view_projectgrades'),(65,'Can add 标签清单',17,'add_tag'),(66,'Can change 标签清单',17,'change_tag'),(67,'Can delete 标签清单',17,'delete_tag'),(68,'Can view 标签清单',17,'view_tag'),(69,'Can add 队伍评论',18,'add_usercomment'),(70,'Can change 队伍评论',18,'change_usercomment'),(71,'Can delete 队伍评论',18,'delete_usercomment'),(72,'Can view 队伍评论',18,'view_usercomment'),(73,'Can add 课程清单',19,'add_usercourse'),(74,'Can change 课程清单',19,'change_usercourse'),(75,'Can delete 课程清单',19,'delete_usercourse'),(76,'Can view 课程清单',19,'view_usercourse'),(77,'Can add 组队情况',20,'add_usergroup'),(78,'Can change 组队情况',20,'change_usergroup'),(79,'Can delete 组队情况',20,'delete_usergroup'),(80,'Can view 组队情况',20,'view_usergroup'),(81,'Can add 用户点赞的标签',21,'add_userliketag'),(82,'Can change 用户点赞的标签',21,'change_userliketag'),(83,'Can delete 用户点赞的标签',21,'delete_userliketag'),(84,'Can view 用户点赞的标签',21,'view_userliketag'),(85,'Can add 用户拥有的标签',22,'add_usertag'),(86,'Can change 用户拥有的标签',22,'change_usertag'),(87,'Can delete 用户拥有的标签',22,'delete_usertag'),(88,'Can view 用户拥有的标签',22,'view_usertag'),(89,'Can add 课程信息',23,'add_course'),(90,'Can change 课程信息',23,'change_course'),(91,'Can delete 课程信息',23,'delete_course'),(92,'Can view 课程信息',23,'view_course'),(93,'Can add 项目信息',24,'add_project'),(94,'Can change 项目信息',24,'change_project'),(95,'Can delete 项目信息',24,'delete_project'),(96,'Can view 项目信息',24,'view_project'),(97,'Can add User Widget',25,'add_userwidget'),(98,'Can change User Widget',25,'change_userwidget'),(99,'Can delete User Widget',25,'delete_userwidget'),(100,'Can view User Widget',25,'view_userwidget'),(101,'Can add User Setting',26,'add_usersettings'),(102,'Can change User Setting',26,'change_usersettings'),(103,'Can delete User Setting',26,'delete_usersettings'),(104,'Can view User Setting',26,'view_usersettings'),(105,'Can add log entry',27,'add_log'),(106,'Can change log entry',27,'change_log'),(107,'Can delete log entry',27,'delete_log'),(108,'Can view log entry',27,'view_log'),(109,'Can add Bookmark',28,'add_bookmark'),(110,'Can change Bookmark',28,'change_bookmark'),(111,'Can delete Bookmark',28,'delete_bookmark'),(112,'Can view Bookmark',28,'view_bookmark'),(113,'Can add 老师上传项目附件',29,'add_key'),(114,'Can change 老师上传项目附件',29,'change_key'),(115,'Can delete 老师上传项目附件',29,'delete_key'),(116,'Can view 老师上传项目附件',29,'view_key'),(117,'Can add 老师上传项目附件',30,'add_projectfile'),(118,'Can change 老师上传项目附件',30,'change_projectfile'),(119,'Can delete 老师上传项目附件',30,'delete_projectfile'),(120,'Can view 老师上传项目附件',30,'view_projectfile');
/*!40000 ALTER TABLE `auth_permission` ENABLE KEYS */;
UNLOCK TABLES;

--
-- Table structure for table `courses_course`
--

DROP TABLE IF EXISTS `courses_course`;
/*!40101 SET @saved_cs_client     = @@character_set_client */;
/*!50503 SET character_set_client = utf8mb4 */;
CREATE TABLE `courses_course` (
  `id` int(11) NOT NULL AUTO_INCREMENT,
  `add_time` datetime(6) NOT NULL,
  `name` varchar(50) NOT NULL,
  PRIMARY KEY (`id`)
) ENGINE=InnoDB AUTO_INCREMENT=10001 DEFAULT CHARSET=utf8;
/*!40101 SET character_set_client = @saved_cs_client */;

--
-- Dumping data for table `courses_course`
--

LOCK TABLES `courses_course` WRITE;
/*!40000 ALTER TABLE `courses_course` DISABLE KEYS */;
INSERT INTO `courses_course` VALUES (1,'2020-11-22 21:18:35.000000','CS305'),(2,'2020-11-22 21:18:40.000000','CS303'),(3,'2020-11-22 21:18:44.000000','CS301'),(4,'2020-11-22 21:18:48.000000','CS309'),(5,'2020-11-22 21:18:59.000000','CS307'),(6,'2020-11-22 21:19:03.000000','CS207'),(7,'2020-11-22 21:19:12.000000','CS202'),(8,'2020-11-22 21:19:15.000000','CS208'),(9,'2020-11-22 21:19:27.000000','CS205'),(10,'2020-11-22 21:19:31.000000','CS308'),(11,'2020-11-22 21:24:12.000000','CS203'),(9999,'2020-12-19 16:26:45.000000','trash');
/*!40000 ALTER TABLE `courses_course` ENABLE KEYS */;
UNLOCK TABLES;

--
-- Table structure for table `django_admin_log`
--

DROP TABLE IF EXISTS `django_admin_log`;
/*!40101 SET @saved_cs_client     = @@character_set_client */;
/*!50503 SET character_set_client = utf8mb4 */;
CREATE TABLE `django_admin_log` (
  `id` int(11) NOT NULL AUTO_INCREMENT,
  `action_time` datetime(6) NOT NULL,
  `object_id` longtext,
  `object_repr` varchar(200) NOT NULL,
  `action_flag` smallint(5) unsigned NOT NULL,
  `change_message` longtext NOT NULL,
  `content_type_id` int(11) DEFAULT NULL,
  `user_id` int(11) NOT NULL,
  PRIMARY KEY (`id`),
  KEY `django_admin_log_content_type_id_c4bce8eb_fk_django_co` (`content_type_id`),
  KEY `django_admin_log_user_id_c564eba6_fk_users_userprofile_id` (`user_id`),
  CONSTRAINT `django_admin_log_content_type_id_c4bce8eb_fk_django_co` FOREIGN KEY (`content_type_id`) REFERENCES `django_content_type` (`id`),
  CONSTRAINT `django_admin_log_user_id_c564eba6_fk_users_userprofile_id` FOREIGN KEY (`user_id`) REFERENCES `users_userprofile` (`id`)
) ENGINE=InnoDB DEFAULT CHARSET=utf8;
/*!40101 SET character_set_client = @saved_cs_client */;

--
-- Dumping data for table `django_admin_log`
--

LOCK TABLES `django_admin_log` WRITE;
/*!40000 ALTER TABLE `django_admin_log` DISABLE KEYS */;
/*!40000 ALTER TABLE `django_admin_log` ENABLE KEYS */;
UNLOCK TABLES;

--
-- Table structure for table `django_content_type`
--

DROP TABLE IF EXISTS `django_content_type`;
/*!40101 SET @saved_cs_client     = @@character_set_client */;
/*!50503 SET character_set_client = utf8mb4 */;
CREATE TABLE `django_content_type` (
  `id` int(11) NOT NULL AUTO_INCREMENT,
  `app_label` varchar(100) NOT NULL,
  `model` varchar(100) NOT NULL,
  PRIMARY KEY (`id`),
  UNIQUE KEY `django_content_type_app_label_model_76bd3d3b_uniq` (`app_label`,`model`)
) ENGINE=InnoDB AUTO_INCREMENT=31 DEFAULT CHARSET=utf8;
/*!40101 SET character_set_client = @saved_cs_client */;

--
-- Dumping data for table `django_content_type`
--

LOCK TABLES `django_content_type` WRITE;
/*!40000 ALTER TABLE `django_content_type` DISABLE KEYS */;
INSERT INTO `django_content_type` VALUES (1,'admin','logentry'),(3,'auth','group'),(2,'auth','permission'),(4,'contenttypes','contenttype'),(23,'courses','course'),(7,'groups','grouporg'),(8,'operations','annexation'),(9,'operations','authority'),(10,'operations','chooseevent'),(11,'operations','event'),(12,'operations','eventgrades'),(29,'operations','key'),(13,'operations','participantevent'),(14,'operations','projectattachment'),(15,'operations','projectcomment'),(30,'operations','projectfile'),(16,'operations','projectgrades'),(17,'operations','tag'),(18,'operations','usercomment'),(19,'operations','usercourse'),(20,'operations','usergroup'),(21,'operations','userliketag'),(22,'operations','usertag'),(24,'projects','project'),(5,'sessions','session'),(6,'users','userprofile'),(28,'xadmin','bookmark'),(27,'xadmin','log'),(26,'xadmin','usersettings'),(25,'xadmin','userwidget');
/*!40000 ALTER TABLE `django_content_type` ENABLE KEYS */;
UNLOCK TABLES;

--
-- Table structure for table `django_migrations`
--

DROP TABLE IF EXISTS `django_migrations`;
/*!40101 SET @saved_cs_client     = @@character_set_client */;
/*!50503 SET character_set_client = utf8mb4 */;
CREATE TABLE `django_migrations` (
  `id` int(11) NOT NULL AUTO_INCREMENT,
  `app` varchar(255) NOT NULL,
  `name` varchar(255) NOT NULL,
  `applied` datetime(6) NOT NULL,
  PRIMARY KEY (`id`)
) ENGINE=InnoDB AUTO_INCREMENT=26 DEFAULT CHARSET=utf8;
/*!40101 SET character_set_client = @saved_cs_client */;

--
-- Dumping data for table `django_migrations`
--

LOCK TABLES `django_migrations` WRITE;
/*!40000 ALTER TABLE `django_migrations` DISABLE KEYS */;
INSERT INTO `django_migrations` VALUES (1,'contenttypes','0001_initial','2020-12-17 01:15:22.155899'),(2,'contenttypes','0002_remove_content_type_name','2020-12-17 01:15:22.270200'),(3,'auth','0001_initial','2020-12-17 01:15:22.375559'),(4,'auth','0002_alter_permission_name_max_length','2020-12-17 01:15:22.682738'),(5,'auth','0003_alter_user_email_max_length','2020-12-17 01:15:22.695702'),(6,'auth','0004_alter_user_username_opts','2020-12-17 01:15:22.702684'),(7,'auth','0005_alter_user_last_login_null','2020-12-17 01:15:22.709665'),(8,'auth','0006_require_contenttypes_0002','2020-12-17 01:15:22.714652'),(9,'auth','0007_alter_validators_add_error_messages','2020-12-17 01:15:22.722630'),(10,'auth','0008_alter_user_username_max_length','2020-12-17 01:15:22.729613'),(11,'auth','0009_alter_user_last_name_max_length','2020-12-17 01:15:22.737590'),(12,'auth','0010_alter_group_name_max_length','2020-12-17 01:15:22.755543'),(13,'auth','0011_update_proxy_permissions','2020-12-17 01:15:22.763521'),(14,'users','0001_initial','2020-12-17 01:15:22.862257'),(15,'admin','0001_initial','2020-12-17 01:15:23.350804'),(16,'admin','0002_logentry_remove_auto_add','2020-12-17 01:15:23.509771'),(17,'admin','0003_logentry_add_action_flag_choices','2020-12-17 01:15:23.520742'),(18,'courses','0001_initial','2020-12-17 01:15:23.552657'),(19,'projects','0001_initial','2020-12-17 01:15:23.588561'),(20,'groups','0001_initial','2020-12-17 01:15:23.723962'),(21,'groups','0002_auto_20201217_0115','2020-12-17 01:15:23.913625'),(22,'operations','0001_initial','2020-12-17 01:15:24.850908'),(23,'operations','0002_auto_20201217_0115','2020-12-17 01:15:25.875596'),(24,'sessions','0001_initial','2020-12-17 01:15:28.440878'),(25,'xadmin','0001_initial','2020-12-17 01:15:28.633363');
/*!40000 ALTER TABLE `django_migrations` ENABLE KEYS */;
UNLOCK TABLES;

--
-- Table structure for table `django_session`
--

DROP TABLE IF EXISTS `django_session`;
/*!40101 SET @saved_cs_client     = @@character_set_client */;
/*!50503 SET character_set_client = utf8mb4 */;
CREATE TABLE `django_session` (
  `session_key` varchar(40) NOT NULL,
  `session_data` longtext NOT NULL,
  `expire_date` datetime(6) NOT NULL,
  PRIMARY KEY (`session_key`),
  KEY `django_session_expire_date_a5c62663` (`expire_date`)
) ENGINE=InnoDB DEFAULT CHARSET=utf8;
/*!40101 SET character_set_client = @saved_cs_client */;

--
-- Dumping data for table `django_session`
--

LOCK TABLES `django_session` WRITE;
/*!40000 ALTER TABLE `django_session` DISABLE KEYS */;
INSERT INTO `django_session` VALUES ('7z82zshf28o7pqpoe61ff247juvc40u8','ODBlZmQyNTdmNGUzMDdmOTQ2OTAwZTk0ZThkNmNkNzUzODgwNjZjNzp7Il9hdXRoX3VzZXJfaWQiOiIxIiwiX2F1dGhfdXNlcl9iYWNrZW5kIjoiZGphbmdvLmNvbnRyaWIuYXV0aC5iYWNrZW5kcy5Nb2RlbEJhY2tlbmQiLCJfYXV0aF91c2VyX2hhc2giOiI3OTZjNDE4OWFhMTE4ZDc5YzhjZmVhMTEzNzExZGZmZmMxNTZkZDg2IiwiTElTVF9RVUVSWSI6W1siY291cnNlcyIsImNvdXJzZSJdLCIiXSwid2l6YXJkX3hhZG1pbnVzZXJ3aWRnZXRfYWRtaW5fd2l6YXJkX2Zvcm1fcGx1Z2luIjp7InN0ZXAiOm51bGwsInN0ZXBfZGF0YSI6e30sInN0ZXBfZmlsZXMiOnt9LCJleHRyYV9kYXRhIjp7fX19','2021-01-07 01:36:08.798631'),('v0cw8i77l9sh8zaw6qi3pmnw3jsj9lu2','MTQ5MzdjN2Q0ZDEwNjdhYTU4MDY1MTVkMWI5YjdiZjk4N2RjNTExNjp7Il9hdXRoX3VzZXJfaWQiOiIxIiwiX2F1dGhfdXNlcl9iYWNrZW5kIjoiZGphbmdvLmNvbnRyaWIuYXV0aC5iYWNrZW5kcy5Nb2RlbEJhY2tlbmQiLCJfYXV0aF91c2VyX2hhc2giOiI3OTZjNDE4OWFhMTE4ZDc5YzhjZmVhMTEzNzExZGZmZmMxNTZkZDg2Iiwid2l6YXJkX3hhZG1pbnVzZXJ3aWRnZXRfYWRtaW5fd2l6YXJkX2Zvcm1fcGx1Z2luIjp7InN0ZXAiOiJXaWRnZXRcdTdjN2JcdTU3OGIiLCJzdGVwX2RhdGEiOnsiV2lkZ2V0XHU3YzdiXHU1NzhiIjp7ImNzcmZtaWRkbGV3YXJldG9rZW4iOlsiT2Q0czhvMmozdWgwSm5ndmRobU5FT3RHbGRETUtYSVpRTmpEcEp1WGdrTmsyQ0RXc2Q3ZjBuR1lid1VBZmgxSyIsIk9kNHM4bzJqM3VoMEpuZ3ZkaG1ORU90R2xkRE1LWElaUU5qRHBKdVhna05rMkNEV3NkN2YwbkdZYndVQWZoMUsiXSwieGFkbWludXNlcndpZGdldF9hZG1pbl93aXphcmRfZm9ybV9wbHVnaW4tY3VycmVudF9zdGVwIjpbIldpZGdldFx1N2M3Ylx1NTc4YiJdLCJzdGVwXzAtcGFnZV9pZCI6WyJob21lIl0sInN0ZXBfMC13aWRnZXRfdHlwZSI6WyJhZGRmb3JtIl0sIl9zYXZlIjpbIiJdLCJ1c2VyIjpbMV19fSwic3RlcF9maWxlcyI6eyJXaWRnZXRcdTdjN2JcdTU3OGIiOnt9fSwiZXh0cmFfZGF0YSI6e319LCJMSVNUX1FVRVJZIjpbWyJwcm9qZWN0cyIsInByb2plY3QiXSwiIl19','2021-01-06 01:54:00.979855');
/*!40000 ALTER TABLE `django_session` ENABLE KEYS */;
UNLOCK TABLES;

--
-- Table structure for table `groups_grouporg`
--

DROP TABLE IF EXISTS `groups_grouporg`;
/*!40101 SET @saved_cs_client     = @@character_set_client */;
/*!50503 SET character_set_client = utf8mb4 */;
CREATE TABLE `groups_grouporg` (
  `id` int(11) NOT NULL AUTO_INCREMENT,
  `group_name` varchar(50) NOT NULL,
  `members` int(11) NOT NULL,
  `detail` longtext NOT NULL,
  `captain_name_id` int(11) NOT NULL,
  `project_id` int(11) DEFAULT NULL,
  PRIMARY KEY (`id`),
  UNIQUE KEY `group_name` (`group_name`),
  KEY `groups_grouporg_captain_name_id_875c9e6e_fk_users_userprofile_id` (`captain_name_id`),
  KEY `groups_grouporg_project_id_c46b8b5a_fk_projects_project_id` (`project_id`),
  CONSTRAINT `groups_grouporg_captain_name_id_875c9e6e_fk_users_userprofile_id` FOREIGN KEY (`captain_name_id`) REFERENCES `users_userprofile` (`id`),
  CONSTRAINT `groups_grouporg_project_id_c46b8b5a_fk_projects_project_id` FOREIGN KEY (`project_id`) REFERENCES `projects_project` (`id`)
) ENGINE=InnoDB AUTO_INCREMENT=53 DEFAULT CHARSET=utf8;
/*!40101 SET character_set_client = @saved_cs_client */;

--
-- Dumping data for table `groups_grouporg`
--

LOCK TABLES `groups_grouporg` WRITE;
/*!40000 ALTER TABLE `groups_grouporg` DISABLE KEYS */;
INSERT INTO `groups_grouporg` VALUES (1,'For Honor',1,'Just for Test',1,4),(2,'Dame Pro',2,'Just for Test',3,3),(3,'SUSTBoy',2,'Just for Test',3,5),(4,'Captain S',2,'Test for User Captain',2,3),(5,'User U',2,'Test for User User',4,5),(6,'Waiting for 11810101',1,'waiting',5,1),(7,'full',3,'full',3,4),(8,'DemoName',1,'This is a demo introduction.',2,NULL),(10,'DemoName1',1,'This is a demo introduction.',2,NULL),(11,'Demo!',1,'This is a demo ',2,NULL),(12,'aegergre',1,'sdvgergrge',2,NULL),(14,'DemoGroup1',1,'Backend problem?',2,4),(15,'Demo Group 0101',1,'This is the demo group of 0101.',2,16),(16,'Group 1010',1,'This is a demo group created by 11811010.',2,38),(17,'Auto Group0',3,'group by AI',15,38),(18,'Auto Group1',2,'group by AI',52,38),(19,'Auto Group2',2,'group by AI',78,38),(20,'Auto Group3',2,'group by AI',8,38),(21,'Auto Group4',2,'group by AI',10,38),(22,'Auto Group5',2,'group by AI',30,38),(23,'Auto Group6',2,'group by AI',23,38),(24,'Auto Group7',2,'group by AI',68,38),(25,'Auto Group8',2,'group by AI',19,38),(26,'Auto Group9',2,'group by AI',42,38),(27,'Auto Group10',2,'group by AI',66,38),(28,'Auto Group11',2,'group by AI',53,38),(29,'Auto Group12',2,'group by AI',65,38),(30,'Auto Group13',1,'group by AI',32,38),(31,'Auto Group14',1,'group by AI',76,38),(32,'Auto Group15',2,'group by AI',24,38),(33,'Auto Group16',2,'group by AI',49,38),(34,'Auto Group17',2,'group by AI',35,38),(35,'Auto Group18',2,'group by AI',22,38),(36,'Auto Group19',2,'group by AI',69,38),(37,'s\'s',1,'ss',2,41);
/*!40000 ALTER TABLE `groups_grouporg` ENABLE KEYS */;
UNLOCK TABLES;

--
-- Table structure for table `operations_annexation`
--

DROP TABLE IF EXISTS `operations_annexation`;
/*!40101 SET @saved_cs_client     = @@character_set_client */;
/*!50503 SET character_set_client = utf8mb4 */;
CREATE TABLE `operations_annexation` (
  `id` int(11) NOT NULL AUTO_INCREMENT,
  `add_time` datetime(6) NOT NULL,
  `a` varchar(200) NOT NULL,
  `b` varchar(200) NOT NULL,
  `c` varchar(200) NOT NULL,
  `d` varchar(200) NOT NULL,
  `e` varchar(200) NOT NULL,
  `f` varchar(200) NOT NULL,
  `g` varchar(200) NOT NULL,
  `h` varchar(200) NOT NULL,
  `i` varchar(200) NOT NULL,
  `j` varchar(200) NOT NULL,
  PRIMARY KEY (`id`)
) ENGINE=InnoDB DEFAULT CHARSET=utf8;
/*!40101 SET character_set_client = @saved_cs_client */;

--
-- Dumping data for table `operations_annexation`
--

LOCK TABLES `operations_annexation` WRITE;
/*!40000 ALTER TABLE `operations_annexation` DISABLE KEYS */;
/*!40000 ALTER TABLE `operations_annexation` ENABLE KEYS */;
UNLOCK TABLES;

--
-- Table structure for table `operations_authority`
--

DROP TABLE IF EXISTS `operations_authority`;
/*!40101 SET @saved_cs_client     = @@character_set_client */;
/*!50503 SET character_set_client = utf8mb4 */;
CREATE TABLE `operations_authority` (
  `id` int(11) NOT NULL AUTO_INCREMENT,
  `add_time` datetime(6) NOT NULL,
  `type` varchar(200) NOT NULL,
  `end_time` datetime(6) NOT NULL,
  `start_time` datetime(6) NOT NULL,
  `user_id` int(11) NOT NULL,
  `course_id` int(11) NOT NULL,
  PRIMARY KEY (`id`),
  KEY `operations_authority_user_id_af142e3b_fk_users_userprofile_id` (`user_id`),
  KEY `operations_authority_courses_course_id_fk` (`course_id`),
  CONSTRAINT `operations_authority_courses_course_id_fk` FOREIGN KEY (`course_id`) REFERENCES `courses_course` (`id`),
  CONSTRAINT `operations_authority_user_id_af142e3b_fk_users_userprofile_id` FOREIGN KEY (`user_id`) REFERENCES `users_userprofile` (`id`)
) ENGINE=InnoDB AUTO_INCREMENT=1216 DEFAULT CHARSET=utf8;
/*!40101 SET character_set_client = @saved_cs_client */;

--
-- Dumping data for table `operations_authority`
--

LOCK TABLES `operations_authority` WRITE;
/*!40000 ALTER TABLE `operations_authority` DISABLE KEYS */;
INSERT INTO `operations_authority` VALUES (1,'2020-12-04 23:48:51.000000','teach','2022-12-04 23:49:18.000000','2020-12-04 23:49:22.000000',87,1),(2,'2020-12-04 23:48:51.000000','eventEdit','2022-12-04 23:49:18.000000','2020-12-04 23:49:22.000000',87,1),(3,'2020-12-04 23:48:51.000000','eventVisible','2022-12-04 23:49:18.000000','2020-12-04 23:49:22.000000',87,1),(4,'2020-12-04 23:48:51.000000','eventVisible','2022-12-04 23:49:18.000000','2020-12-04 23:49:22.000000',2,1),(5,'2020-12-04 23:48:51.000000','eventValid','2022-12-04 23:49:18.000000','2020-12-04 23:49:22.000000',2,1),(6,'2020-12-04 23:48:51.000000','authEdit','2022-12-04 23:49:18.000000','2020-12-04 23:49:22.000000',87,1),(7,'2020-12-04 23:48:51.000000','projectEdit','2022-12-04 23:49:18.000000','2020-12-04 23:49:22.000000',87,1),(8,'2020-12-04 23:48:51.000000','eventVisible','2022-12-04 23:49:18.000000','2020-12-04 23:49:22.000000',5,1),(9,'2020-12-04 23:48:51.000000','eventValid','2022-12-04 23:49:18.000000','2020-12-04 23:49:22.000000',5,1),(10,'2020-12-04 23:48:51.000000','eventGrade','2022-12-04 23:49:18.000000','2020-12-04 23:49:22.000000',87,1),(11,'2020-12-04 23:48:51.000000','teach','2022-12-04 23:49:18.000000','2020-12-04 23:49:22.000000',89,6),(12,'2020-12-04 23:48:51.000000','teach','2022-12-04 23:49:18.000000','2020-12-04 23:49:22.000000',89,7),(13,'2020-12-04 23:48:51.000000','teach','2022-12-04 23:49:18.000000','2020-12-04 23:49:22.000000',89,8),(14,'2020-12-04 23:48:51.000000','teach','2022-12-04 23:49:18.000000','2020-12-04 23:49:22.000000',89,9),(15,'2020-12-04 23:48:51.000000','teach','2022-12-04 23:49:18.000000','2020-12-04 23:49:22.000000',89,11),(16,'2020-12-04 23:48:51.000000','projectGrade','2022-12-04 23:49:18.000000','2020-12-04 23:49:22.000000',89,6),(17,'2020-12-04 23:48:51.000000','projectGrade','2022-12-04 23:49:18.000000','2020-12-04 23:49:22.000000',89,7),(18,'2020-12-04 23:48:51.000000','projectGrade','2022-12-04 23:49:18.000000','2020-12-04 23:49:22.000000',89,8),(19,'2020-12-04 23:48:51.000000','projectGrade','2022-12-04 23:49:18.000000','2020-12-04 23:49:22.000000',89,9),(20,'2020-12-04 23:48:51.000000','projectGrade','2022-12-04 23:49:18.000000','2020-12-04 23:49:22.000000',89,11),(21,'2020-12-04 23:48:51.000000','projectEdit','2022-12-04 23:49:18.000000','2020-12-04 23:49:22.000000',89,6),(22,'2020-12-04 23:48:51.000000','projectEdit','2022-12-04 23:49:18.000000','2020-12-04 23:49:22.000000',89,7),(23,'2020-12-04 23:48:51.000000','projectEdit','2022-12-04 23:49:18.000000','2020-12-04 23:49:22.000000',89,8),(24,'2020-12-04 23:48:51.000000','projectEdit','2022-12-04 23:49:18.000000','2020-12-04 23:49:22.000000',89,9),(25,'2020-12-04 23:48:51.000000','projectEdit','2022-12-04 23:49:18.000000','2020-12-04 23:49:22.000000',89,11),(26,'2020-12-04 23:48:51.000000','eventValid','2022-12-04 23:49:18.000000','2020-12-04 23:49:22.000000',89,6),(27,'2020-12-04 23:48:51.000000','eventValid','2022-12-04 23:49:18.000000','2020-12-04 23:49:22.000000',89,7),(28,'2020-12-04 23:48:51.000000','eventValid','2022-12-04 23:49:18.000000','2020-12-04 23:49:22.000000',89,8),(29,'2020-12-04 23:48:51.000000','eventValid','2022-12-04 23:49:18.000000','2020-12-04 23:49:22.000000',89,9),(30,'2020-12-04 23:48:51.000000','eventValid','2022-12-04 23:49:18.000000','2020-12-04 23:49:22.000000',89,11),(31,'2020-12-04 23:48:51.000000','eventVisible','2022-12-04 23:49:18.000000','2020-12-04 23:49:22.000000',89,6),(32,'2020-12-04 23:48:51.000000','eventVisible','2022-12-04 23:49:18.000000','2020-12-04 23:49:22.000000',89,7),(33,'2020-12-04 23:48:51.000000','eventVisible','2022-12-04 23:49:18.000000','2020-12-04 23:49:22.000000',89,8),(34,'2020-12-04 23:48:51.000000','eventVisible','2022-12-04 23:49:18.000000','2020-12-04 23:49:22.000000',89,9),(35,'2020-12-04 23:48:51.000000','eventVisible','2022-12-04 23:49:18.000000','2020-12-04 23:49:22.000000',89,11),(36,'2020-12-04 23:48:51.000000','eventGrade','2022-12-04 23:49:18.000000','2020-12-04 23:49:22.000000',89,6),(37,'2020-12-04 23:48:51.000000','eventGrade','2022-12-04 23:49:18.000000','2020-12-04 23:49:22.000000',89,7),(38,'2020-12-04 23:48:51.000000','eventGrade','2022-12-04 23:49:18.000000','2020-12-04 23:49:22.000000',89,8),(39,'2020-12-04 23:48:51.000000','eventGrade','2022-12-04 23:49:18.000000','2020-12-04 23:49:22.000000',89,9),(40,'2020-12-04 23:48:51.000000','eventGrade','2022-12-04 23:49:18.000000','2020-12-04 23:49:22.000000',89,11),(41,'2020-12-04 23:48:51.000000','eventEdit','2022-12-04 23:49:18.000000','2020-12-04 23:49:22.000000',89,6),(42,'2020-12-04 23:48:51.000000','eventEdit','2022-12-04 23:49:18.000000','2020-12-04 23:49:22.000000',89,7),(43,'2020-12-04 23:48:51.000000','eventEdit','2022-12-04 23:49:18.000000','2020-12-04 23:49:22.000000',89,8),(44,'2020-12-04 23:48:51.000000','eventEdit','2022-12-04 23:49:18.000000','2020-12-04 23:49:22.000000',89,9),(45,'2020-12-04 23:48:51.000000','eventEdit','2022-12-04 23:49:18.000000','2020-12-04 23:49:22.000000',89,11),(46,'2020-12-04 23:48:51.000000','group','2022-12-04 23:49:18.000000','2020-12-04 23:49:22.000000',89,6),(47,'2020-12-04 23:48:51.000000','group','2022-12-04 23:49:18.000000','2020-12-04 23:49:22.000000',89,7),(48,'2020-12-04 23:48:51.000000','group','2022-12-04 23:49:18.000000','2020-12-04 23:49:22.000000',89,8),(49,'2020-12-04 23:48:51.000000','group','2022-12-04 23:49:18.000000','2020-12-04 23:49:22.000000',89,9),(50,'2020-12-04 23:48:51.000000','group','2022-12-04 23:49:18.000000','2020-12-04 23:49:22.000000',89,11),(51,'2020-12-04 23:48:51.000000','authEdit','2022-12-04 23:49:18.000000','2020-12-04 23:49:22.000000',89,6),(52,'2020-12-04 23:48:51.000000','authEdit','2022-12-04 23:49:18.000000','2020-12-04 23:49:22.000000',89,7),(53,'2020-12-04 23:48:51.000000','authEdit','2022-12-04 23:49:18.000000','2020-12-04 23:49:22.000000',89,8),(54,'2020-12-04 23:48:51.000000','authEdit','2022-12-04 23:49:18.000000','2020-12-04 23:49:22.000000',89,9),(55,'2020-12-04 23:48:51.000000','authEdit','2022-12-04 23:49:18.000000','2020-12-04 23:49:22.000000',89,11),(56,'2020-12-04 23:48:51.000000','tagEdit','2022-12-04 23:49:18.000000','2020-12-04 23:49:22.000000',89,6),(57,'2020-12-04 23:48:51.000000','tagEdit','2022-12-04 23:49:18.000000','2020-12-04 23:49:22.000000',89,7),(58,'2020-12-04 23:48:51.000000','tagEdit','2022-12-04 23:49:18.000000','2020-12-04 23:49:22.000000',89,8),(59,'2020-12-04 23:48:51.000000','tagEdit','2022-12-04 23:49:18.000000','2020-12-04 23:49:22.000000',89,9),(60,'2020-12-04 23:48:51.000000','tagEdit','2022-12-04 23:49:18.000000','2020-12-04 23:49:22.000000',89,11),(61,'2020-12-04 23:48:51.000000','teach','2022-12-04 23:49:18.000000','2020-12-04 23:49:22.000000',88,1),(62,'2020-12-04 23:48:51.000000','teach','2022-12-04 23:49:18.000000','2020-12-04 23:49:22.000000',88,2),(63,'2020-12-04 23:48:51.000000','teach','2022-12-04 23:49:18.000000','2020-12-04 23:49:22.000000',88,3),(64,'2020-12-04 23:48:51.000000','teach','2022-12-04 23:49:18.000000','2020-12-04 23:49:22.000000',88,4),(65,'2020-12-04 23:48:51.000000','teach','2022-12-04 23:49:18.000000','2020-12-04 23:49:22.000000',88,5),(66,'2020-12-04 23:48:51.000000','projectGrade','2022-12-04 23:49:18.000000','2020-12-04 23:49:22.000000',88,1),(67,'2020-12-04 23:48:51.000000','projectGrade','2022-12-04 23:49:18.000000','2020-12-04 23:49:22.000000',88,2),(68,'2020-12-04 23:48:51.000000','projectGrade','2022-12-04 23:49:18.000000','2020-12-04 23:49:22.000000',88,3),(69,'2020-12-04 23:48:51.000000','projectGrade','2022-12-04 23:49:18.000000','2020-12-04 23:49:22.000000',88,4),(70,'2020-12-04 23:48:51.000000','projectGrade','2022-12-04 23:49:18.000000','2020-12-04 23:49:22.000000',88,5),(71,'2020-12-04 23:48:51.000000','projectEdit','2022-12-04 23:49:18.000000','2020-12-04 23:49:22.000000',88,1),(72,'2020-12-04 23:48:51.000000','projectEdit','2022-12-04 23:49:18.000000','2020-12-04 23:49:22.000000',88,2),(73,'2020-12-04 23:48:51.000000','projectEdit','2022-12-04 23:49:18.000000','2020-12-04 23:49:22.000000',88,3),(74,'2020-12-04 23:48:51.000000','projectEdit','2022-12-04 23:49:18.000000','2020-12-04 23:49:22.000000',88,4),(75,'2020-12-04 23:48:51.000000','projectEdit','2022-12-04 23:49:18.000000','2020-12-04 23:49:22.000000',88,5),(76,'2020-12-04 23:48:51.000000','eventValid','2022-12-04 23:49:18.000000','2020-12-04 23:49:22.000000',88,1),(77,'2020-12-04 23:48:51.000000','eventValid','2022-12-04 23:49:18.000000','2020-12-04 23:49:22.000000',88,2),(78,'2020-12-04 23:48:51.000000','eventValid','2022-12-04 23:49:18.000000','2020-12-04 23:49:22.000000',88,3),(79,'2020-12-04 23:48:51.000000','eventValid','2022-12-04 23:49:18.000000','2020-12-04 23:49:22.000000',88,4),(80,'2020-12-04 23:48:51.000000','eventValid','2022-12-04 23:49:18.000000','2020-12-04 23:49:22.000000',88,5),(81,'2020-12-04 23:48:51.000000','eventVisible','2022-12-04 23:49:18.000000','2020-12-04 23:49:22.000000',88,1),(82,'2020-12-04 23:48:51.000000','eventVisible','2022-12-04 23:49:18.000000','2020-12-04 23:49:22.000000',88,2),(83,'2020-12-04 23:48:51.000000','eventVisible','2022-12-04 23:49:18.000000','2020-12-04 23:49:22.000000',88,3),(84,'2020-12-04 23:48:51.000000','eventVisible','2022-12-04 23:49:18.000000','2020-12-04 23:49:22.000000',88,4),(85,'2020-12-04 23:48:51.000000','eventVisible','2022-12-04 23:49:18.000000','2020-12-04 23:49:22.000000',88,5),(86,'2020-12-04 23:48:51.000000','eventGrade','2022-12-04 23:49:18.000000','2020-12-04 23:49:22.000000',88,1),(87,'2020-12-04 23:48:51.000000','eventGrade','2022-12-04 23:49:18.000000','2020-12-04 23:49:22.000000',88,2),(88,'2020-12-04 23:48:51.000000','eventGrade','2022-12-04 23:49:18.000000','2020-12-04 23:49:22.000000',88,3),(89,'2020-12-04 23:48:51.000000','eventGrade','2022-12-04 23:49:18.000000','2020-12-04 23:49:22.000000',88,4),(90,'2020-12-04 23:48:51.000000','eventGrade','2022-12-04 23:49:18.000000','2020-12-04 23:49:22.000000',88,5),(91,'2020-12-04 23:48:51.000000','eventEdit','2022-12-04 23:49:18.000000','2020-12-04 23:49:22.000000',88,1),(92,'2020-12-04 23:48:51.000000','eventEdit','2022-12-04 23:49:18.000000','2020-12-04 23:49:22.000000',88,2),(93,'2020-12-04 23:48:51.000000','eventEdit','2022-12-04 23:49:18.000000','2020-12-04 23:49:22.000000',88,3),(94,'2020-12-04 23:48:51.000000','eventEdit','2022-12-04 23:49:18.000000','2020-12-04 23:49:22.000000',88,4),(95,'2020-12-04 23:48:51.000000','eventEdit','2022-12-04 23:49:18.000000','2020-12-04 23:49:22.000000',88,5),(96,'2020-12-04 23:48:51.000000','group','2022-12-04 23:49:18.000000','2020-12-04 23:49:22.000000',88,1),(97,'2020-12-04 23:48:51.000000','group','2022-12-04 23:49:18.000000','2020-12-04 23:49:22.000000',88,2),(98,'2020-12-04 23:48:51.000000','group','2022-12-04 23:49:18.000000','2020-12-04 23:49:22.000000',88,3),(99,'2020-12-04 23:48:51.000000','group','2022-12-04 23:49:18.000000','2020-12-04 23:49:22.000000',88,4),(100,'2020-12-04 23:48:51.000000','group','2022-12-04 23:49:18.000000','2020-12-04 23:49:22.000000',88,5),(101,'2020-12-04 23:48:51.000000','authEdit','2022-12-04 23:49:18.000000','2020-12-04 23:49:22.000000',88,1),(102,'2020-12-04 23:48:51.000000','authEdit','2022-12-04 23:49:18.000000','2020-12-04 23:49:22.000000',88,2),(103,'2020-12-04 23:48:51.000000','authEdit','2022-12-04 23:49:18.000000','2020-12-04 23:49:22.000000',88,3),(104,'2020-12-04 23:48:51.000000','authEdit','2022-12-04 23:49:18.000000','2020-12-04 23:49:22.000000',88,4),(105,'2020-12-04 23:48:51.000000','authEdit','2022-12-04 23:49:18.000000','2020-12-04 23:49:22.000000',88,5),(106,'2020-12-04 23:48:51.000000','tagEdit','2022-12-04 23:49:18.000000','2020-12-04 23:49:22.000000',88,1),(107,'2020-12-04 23:48:51.000000','tagEdit','2022-12-04 23:49:18.000000','2020-12-04 23:49:22.000000',88,2),(108,'2020-12-04 23:48:51.000000','tagEdit','2022-12-04 23:49:18.000000','2020-12-04 23:49:22.000000',88,3),(109,'2020-12-04 23:48:51.000000','tagEdit','2022-12-04 23:49:18.000000','2020-12-04 23:49:22.000000',88,4),(110,'2020-12-04 23:48:51.000000','tagEdit','2022-12-04 23:49:18.000000','2020-12-04 23:49:22.000000',88,5),(111,'2020-12-04 23:48:51.000000','teach','2022-12-04 23:49:18.000000','2020-12-04 23:49:22.000000',88,10),(112,'2020-12-04 23:48:51.000000','projectGrade','2022-12-04 23:49:18.000000','2020-12-04 23:49:22.000000',88,10),(113,'2020-12-04 23:48:51.000000','projectEdit','2022-12-04 23:49:18.000000','2020-12-04 23:49:22.000000',88,10),(114,'2020-12-04 23:48:51.000000','eventValid','2022-12-04 23:49:18.000000','2020-12-04 23:49:22.000000',88,10),(115,'2020-12-04 23:48:51.000000','eventVisible','2022-12-04 23:49:18.000000','2020-12-04 23:49:22.000000',88,10),(116,'2020-12-04 23:48:51.000000','eventGrade','2022-12-04 23:49:18.000000','2020-12-04 23:49:22.000000',88,10),(117,'2020-12-04 23:48:51.000000','eventEdit','2022-12-04 23:49:18.000000','2020-12-04 23:49:22.000000',88,10),(118,'2020-12-04 23:48:51.000000','group','2022-12-04 23:49:18.000000','2020-12-04 23:49:22.000000',88,10),(119,'2020-12-04 23:48:51.000000','authEdit','2022-12-04 23:49:18.000000','2020-12-04 23:49:22.000000',88,10),(120,'2020-12-04 23:48:51.000000','tagEdit','2022-12-04 23:49:18.000000','2020-12-04 23:49:22.000000',88,10),(121,'2020-12-04 23:48:51.000000','eventValid','2022-12-04 23:49:18.000000','2020-12-04 23:49:22.000000',2,2),(122,'2020-12-04 23:48:51.000000','eventVisible','2022-12-04 23:49:18.000000','2020-12-04 23:49:22.000000',2,2),(123,'2020-12-04 23:48:51.000000','groupValid','2022-12-04 23:49:18.000000','2020-12-04 23:49:22.000000',2,2),(126,'2020-12-04 23:48:51.000000','groupValid','2022-12-04 23:49:18.000000','2020-12-04 23:49:22.000000',2,1),(127,'2020-12-04 23:48:51.000000','eventValid','2022-12-04 23:49:18.000000','2020-12-04 23:49:22.000000',2,3),(128,'2020-12-04 23:48:51.000000','eventVisible','2022-12-04 23:49:18.000000','2020-12-04 23:49:22.000000',2,3),(129,'2020-12-04 23:48:51.000000','groupValid','2022-12-04 23:49:18.000000','2020-12-04 23:49:22.000000',2,3),(130,'2020-12-04 23:48:51.000000','eventValid','2022-12-04 23:49:18.000000','2020-12-04 23:49:22.000000',2,9),(131,'2020-12-04 23:48:51.000000','eventVisible','2022-12-04 23:49:18.000000','2020-12-04 23:49:22.000000',2,9),(132,'2020-12-04 23:48:51.000000','groupValid','2022-12-04 23:49:18.000000','2020-12-04 23:49:22.000000',2,9),(133,'2020-12-04 23:48:51.000000','eventValid','2022-12-04 23:49:18.000000','2020-12-04 23:49:22.000000',2,4),(134,'2020-12-04 23:48:51.000000','eventVisible','2022-12-04 23:49:18.000000','2020-12-04 23:49:22.000000',2,4),(135,'2020-12-04 23:48:51.000000','groupValid','2022-12-04 23:49:18.000000','2020-12-04 23:49:22.000000',2,4),(136,'2020-12-04 23:48:51.000000','eventValid','2022-12-04 23:49:18.000000','2020-12-04 23:49:22.000000',2,10),(137,'2020-12-04 23:48:51.000000','eventVisible','2022-12-04 23:49:18.000000','2020-12-04 23:49:22.000000',2,10),(138,'2020-12-04 23:48:51.000000','groupValid','2022-12-04 23:49:18.000000','2020-12-04 23:49:22.000000',2,10),(139,'2020-12-04 23:48:51.000000','eventValid','2022-12-04 23:49:18.000000','2020-12-04 23:49:22.000000',3,2),(140,'2020-12-04 23:48:51.000000','eventVisible','2022-12-04 23:49:18.000000','2020-12-04 23:49:22.000000',3,2),(141,'2020-12-04 23:48:51.000000','groupValid','2022-12-04 23:49:18.000000','2020-12-04 23:49:22.000000',3,2),(142,'2020-12-04 23:48:51.000000','eventValid','2022-12-04 23:49:18.000000','2020-12-04 23:49:22.000000',3,3),(143,'2020-12-04 23:48:51.000000','eventVisible','2022-12-04 23:49:18.000000','2020-12-04 23:49:22.000000',3,3),(144,'2020-12-04 23:48:51.000000','groupValid','2022-12-04 23:49:18.000000','2020-12-04 23:49:22.000000',3,3),(145,'2020-12-04 23:48:51.000000','eventValid','2022-12-04 23:49:18.000000','2020-12-04 23:49:22.000000',3,1),(146,'2020-12-04 23:48:51.000000','eventVisible','2022-12-04 23:49:18.000000','2020-12-04 23:49:22.000000',3,1),(147,'2020-12-04 23:48:51.000000','groupValid','2022-12-04 23:49:18.000000','2020-12-04 23:49:22.000000',3,1),(148,'2020-12-04 23:48:51.000000','eventValid','2022-12-04 23:49:18.000000','2020-12-04 23:49:22.000000',3,4),(149,'2020-12-04 23:48:51.000000','eventVisible','2022-12-04 23:49:18.000000','2020-12-04 23:49:22.000000',3,4),(150,'2020-12-04 23:48:51.000000','groupValid','2022-12-04 23:49:18.000000','2020-12-04 23:49:22.000000',3,4),(151,'2020-12-04 23:48:51.000000','eventValid','2022-12-04 23:49:18.000000','2020-12-04 23:49:22.000000',4,2),(152,'2020-12-04 23:48:51.000000','eventVisible','2022-12-04 23:49:18.000000','2020-12-04 23:49:22.000000',4,2),(153,'2020-12-04 23:48:51.000000','groupValid','2022-12-04 23:49:18.000000','2020-12-04 23:49:22.000000',4,2),(154,'2020-12-04 23:48:51.000000','eventValid','2022-12-04 23:49:18.000000','2020-12-04 23:49:22.000000',4,3),(155,'2020-12-04 23:48:51.000000','eventVisible','2022-12-04 23:49:18.000000','2020-12-04 23:49:22.000000',4,3),(156,'2020-12-04 23:48:51.000000','groupValid','2022-12-04 23:49:18.000000','2020-12-04 23:49:22.000000',4,3),(157,'2020-12-04 23:48:51.000000','eventValid','2022-12-04 23:49:18.000000','2020-12-04 23:49:22.000000',4,4),(158,'2020-12-04 23:48:51.000000','eventVisible','2022-12-04 23:49:18.000000','2020-12-04 23:49:22.000000',4,4),(159,'2020-12-04 23:48:51.000000','groupValid','2022-12-04 23:49:18.000000','2020-12-04 23:49:22.000000',4,4),(160,'2020-12-04 23:48:51.000000','eventValid','2022-12-04 23:49:18.000000','2020-12-04 23:49:22.000000',4,5),(161,'2020-12-04 23:48:51.000000','eventVisible','2022-12-04 23:49:18.000000','2020-12-04 23:49:22.000000',4,5),(162,'2020-12-04 23:48:51.000000','groupValid','2022-12-04 23:49:18.000000','2020-12-04 23:49:22.000000',4,5),(163,'2020-12-04 23:48:51.000000','eventValid','2022-12-04 23:49:18.000000','2020-12-04 23:49:22.000000',4,6),(164,'2020-12-04 23:48:51.000000','eventVisible','2022-12-04 23:49:18.000000','2020-12-04 23:49:22.000000',4,6),(165,'2020-12-04 23:48:51.000000','groupValid','2022-12-04 23:49:18.000000','2020-12-04 23:49:22.000000',4,6),(168,'2020-12-04 23:48:51.000000','groupValid','2022-12-04 23:49:18.000000','2020-12-04 23:49:22.000000',5,1),(169,'2020-12-04 23:48:51.000000','eventValid','2022-12-04 23:49:18.000000','2020-12-04 23:49:22.000000',5,3),(170,'2020-12-04 23:48:51.000000','eventVisible','2022-12-04 23:49:18.000000','2020-12-04 23:49:22.000000',5,3),(171,'2020-12-04 23:48:51.000000','groupValid','2022-12-04 23:49:18.000000','2020-12-04 23:49:22.000000',5,3),(172,'2020-12-04 23:48:51.000000','eventValid','2022-12-04 23:49:18.000000','2020-12-04 23:49:22.000000',5,2),(173,'2020-12-04 23:48:51.000000','eventVisible','2022-12-04 23:49:18.000000','2020-12-04 23:49:22.000000',5,2),(174,'2020-12-04 23:48:51.000000','groupValid','2022-12-04 23:49:18.000000','2020-12-04 23:49:22.000000',5,2),(175,'2020-12-04 23:48:51.000000','eventValid','2022-12-04 23:49:18.000000','2020-12-04 23:49:22.000000',5,6),(176,'2020-12-04 23:48:51.000000','eventVisible','2022-12-04 23:49:18.000000','2020-12-04 23:49:22.000000',5,6),(177,'2020-12-04 23:48:51.000000','groupValid','2022-12-04 23:49:18.000000','2020-12-04 23:49:22.000000',5,6),(178,'2020-12-04 23:48:51.000000','eventValid','2022-12-04 23:49:18.000000','2020-12-04 23:49:22.000000',5,5),(179,'2020-12-04 23:48:51.000000','eventVisible','2022-12-04 23:49:18.000000','2020-12-04 23:49:22.000000',5,5),(180,'2020-12-04 23:48:51.000000','groupValid','2022-12-04 23:49:18.000000','2020-12-04 23:49:22.000000',5,5),(181,'2020-12-04 23:48:51.000000','eventValid','2022-12-04 23:49:18.000000','2020-12-04 23:49:22.000000',6,8),(182,'2020-12-04 23:48:51.000000','eventVisible','2022-12-04 23:49:18.000000','2020-12-04 23:49:22.000000',6,8),(183,'2020-12-04 23:48:51.000000','groupValid','2022-12-04 23:49:18.000000','2020-12-04 23:49:22.000000',6,8),(184,'2020-12-04 23:48:51.000000','eventValid','2022-12-04 23:49:18.000000','2020-12-04 23:49:22.000000',6,3),(185,'2020-12-04 23:48:51.000000','eventVisible','2022-12-04 23:49:18.000000','2020-12-04 23:49:22.000000',6,3),(186,'2020-12-04 23:48:51.000000','groupValid','2022-12-04 23:49:18.000000','2020-12-04 23:49:22.000000',6,3),(187,'2020-12-04 23:48:51.000000','eventValid','2022-12-04 23:49:18.000000','2020-12-04 23:49:22.000000',6,2),(188,'2020-12-04 23:48:51.000000','eventVisible','2022-12-04 23:49:18.000000','2020-12-04 23:49:22.000000',6,2),(189,'2020-12-04 23:48:51.000000','groupValid','2022-12-04 23:49:18.000000','2020-12-04 23:49:22.000000',6,2),(190,'2020-12-04 23:48:51.000000','eventValid','2022-12-04 23:49:18.000000','2020-12-04 23:49:22.000000',7,8),(191,'2020-12-04 23:48:51.000000','eventVisible','2022-12-04 23:49:18.000000','2020-12-04 23:49:22.000000',7,8),(192,'2020-12-04 23:48:51.000000','groupValid','2022-12-04 23:49:18.000000','2020-12-04 23:49:22.000000',7,8),(193,'2020-12-04 23:48:51.000000','eventValid','2022-12-04 23:49:18.000000','2020-12-04 23:49:22.000000',7,5),(194,'2020-12-04 23:48:51.000000','eventVisible','2022-12-04 23:49:18.000000','2020-12-04 23:49:22.000000',7,5),(195,'2020-12-04 23:48:51.000000','groupValid','2022-12-04 23:49:18.000000','2020-12-04 23:49:22.000000',7,5),(196,'2020-12-04 23:48:51.000000','eventValid','2022-12-04 23:49:18.000000','2020-12-04 23:49:22.000000',7,4),(197,'2020-12-04 23:48:51.000000','eventVisible','2022-12-04 23:49:18.000000','2020-12-04 23:49:22.000000',7,4),(198,'2020-12-04 23:48:51.000000','groupValid','2022-12-04 23:49:18.000000','2020-12-04 23:49:22.000000',7,4),(199,'2020-12-04 23:48:51.000000','eventValid','2022-12-04 23:49:18.000000','2020-12-04 23:49:22.000000',8,1),(200,'2020-12-04 23:48:51.000000','eventVisible','2022-12-04 23:49:18.000000','2020-12-04 23:49:22.000000',8,1),(201,'2020-12-04 23:48:51.000000','groupValid','2022-12-04 23:49:18.000000','2020-12-04 23:49:22.000000',8,1),(202,'2020-12-04 23:48:51.000000','eventValid','2022-12-04 23:49:18.000000','2020-12-04 23:49:22.000000',8,3),(203,'2020-12-04 23:48:51.000000','eventVisible','2022-12-04 23:49:18.000000','2020-12-04 23:49:22.000000',8,3),(204,'2020-12-04 23:48:51.000000','groupValid','2022-12-04 23:49:18.000000','2020-12-04 23:49:22.000000',8,3),(205,'2020-12-04 23:48:51.000000','eventValid','2022-12-04 23:49:18.000000','2020-12-04 23:49:22.000000',8,6),(206,'2020-12-04 23:48:51.000000','eventVisible','2022-12-04 23:49:18.000000','2020-12-04 23:49:22.000000',8,6),(207,'2020-12-04 23:48:51.000000','groupValid','2022-12-04 23:49:18.000000','2020-12-04 23:49:22.000000',8,6),(208,'2020-12-04 23:48:51.000000','eventValid','2022-12-04 23:49:18.000000','2020-12-04 23:49:22.000000',9,2),(209,'2020-12-04 23:48:51.000000','eventVisible','2022-12-04 23:49:18.000000','2020-12-04 23:49:22.000000',9,2),(210,'2020-12-04 23:48:51.000000','groupValid','2022-12-04 23:49:18.000000','2020-12-04 23:49:22.000000',9,2),(211,'2020-12-04 23:48:51.000000','eventValid','2022-12-04 23:49:18.000000','2020-12-04 23:49:22.000000',9,4),(212,'2020-12-04 23:48:51.000000','eventVisible','2022-12-04 23:49:18.000000','2020-12-04 23:49:22.000000',9,4),(213,'2020-12-04 23:48:51.000000','groupValid','2022-12-04 23:49:18.000000','2020-12-04 23:49:22.000000',9,4),(214,'2020-12-04 23:48:51.000000','eventValid','2022-12-04 23:49:18.000000','2020-12-04 23:49:22.000000',9,10),(215,'2020-12-04 23:48:51.000000','eventVisible','2022-12-04 23:49:18.000000','2020-12-04 23:49:22.000000',9,10),(216,'2020-12-04 23:48:51.000000','groupValid','2022-12-04 23:49:18.000000','2020-12-04 23:49:22.000000',9,10),(217,'2020-12-04 23:48:51.000000','eventValid','2022-12-04 23:49:18.000000','2020-12-04 23:49:22.000000',10,6),(218,'2020-12-04 23:48:51.000000','eventVisible','2022-12-04 23:49:18.000000','2020-12-04 23:49:22.000000',10,6),(219,'2020-12-04 23:48:51.000000','groupValid','2022-12-04 23:49:18.000000','2020-12-04 23:49:22.000000',10,6),(220,'2020-12-04 23:48:51.000000','eventValid','2022-12-04 23:49:18.000000','2020-12-04 23:49:22.000000',10,3),(221,'2020-12-04 23:48:51.000000','eventVisible','2022-12-04 23:49:18.000000','2020-12-04 23:49:22.000000',10,3),(222,'2020-12-04 23:48:51.000000','groupValid','2022-12-04 23:49:18.000000','2020-12-04 23:49:22.000000',10,3),(223,'2020-12-04 23:48:51.000000','eventValid','2022-12-04 23:49:18.000000','2020-12-04 23:49:22.000000',10,5),(224,'2020-12-04 23:48:51.000000','eventVisible','2022-12-04 23:49:18.000000','2020-12-04 23:49:22.000000',10,5),(225,'2020-12-04 23:48:51.000000','groupValid','2022-12-04 23:49:18.000000','2020-12-04 23:49:22.000000',10,5),(226,'2020-12-04 23:48:51.000000','eventValid','2022-12-04 23:49:18.000000','2020-12-04 23:49:22.000000',11,6),(227,'2020-12-04 23:48:51.000000','eventVisible','2022-12-04 23:49:18.000000','2020-12-04 23:49:22.000000',11,6),(228,'2020-12-04 23:48:51.000000','groupValid','2022-12-04 23:49:18.000000','2020-12-04 23:49:22.000000',11,6),(229,'2020-12-04 23:48:51.000000','eventValid','2022-12-04 23:49:18.000000','2020-12-04 23:49:22.000000',11,3),(230,'2020-12-04 23:48:51.000000','eventVisible','2022-12-04 23:49:18.000000','2020-12-04 23:49:22.000000',11,3),(231,'2020-12-04 23:48:51.000000','groupValid','2022-12-04 23:49:18.000000','2020-12-04 23:49:22.000000',11,3),(232,'2020-12-04 23:48:51.000000','eventValid','2022-12-04 23:49:18.000000','2020-12-04 23:49:22.000000',11,8),(233,'2020-12-04 23:48:51.000000','eventVisible','2022-12-04 23:49:18.000000','2020-12-04 23:49:22.000000',11,8),(234,'2020-12-04 23:48:51.000000','groupValid','2022-12-04 23:49:18.000000','2020-12-04 23:49:22.000000',11,8),(235,'2020-12-04 23:48:51.000000','eventValid','2022-12-04 23:49:18.000000','2020-12-04 23:49:22.000000',11,2),(236,'2020-12-04 23:48:51.000000','eventVisible','2022-12-04 23:49:18.000000','2020-12-04 23:49:22.000000',11,2),(237,'2020-12-04 23:48:51.000000','groupValid','2022-12-04 23:49:18.000000','2020-12-04 23:49:22.000000',11,2),(238,'2020-12-04 23:48:51.000000','eventValid','2022-12-04 23:49:18.000000','2020-12-04 23:49:22.000000',12,5),(239,'2020-12-04 23:48:51.000000','eventVisible','2022-12-04 23:49:18.000000','2020-12-04 23:49:22.000000',12,5),(240,'2020-12-04 23:48:51.000000','groupValid','2022-12-04 23:49:18.000000','2020-12-04 23:49:22.000000',12,5),(241,'2020-12-04 23:48:51.000000','eventValid','2022-12-04 23:49:18.000000','2020-12-04 23:49:22.000000',12,10),(242,'2020-12-04 23:48:51.000000','eventVisible','2022-12-04 23:49:18.000000','2020-12-04 23:49:22.000000',12,10),(243,'2020-12-04 23:48:51.000000','groupValid','2022-12-04 23:49:18.000000','2020-12-04 23:49:22.000000',12,10),(244,'2020-12-04 23:48:51.000000','eventValid','2022-12-04 23:49:18.000000','2020-12-04 23:49:22.000000',12,9),(245,'2020-12-04 23:48:51.000000','eventVisible','2022-12-04 23:49:18.000000','2020-12-04 23:49:22.000000',12,9),(246,'2020-12-04 23:48:51.000000','groupValid','2022-12-04 23:49:18.000000','2020-12-04 23:49:22.000000',12,9),(247,'2020-12-04 23:48:51.000000','eventValid','2022-12-04 23:49:18.000000','2020-12-04 23:49:22.000000',12,11),(248,'2020-12-04 23:48:51.000000','eventVisible','2022-12-04 23:49:18.000000','2020-12-04 23:49:22.000000',12,11),(249,'2020-12-04 23:48:51.000000','groupValid','2022-12-04 23:49:18.000000','2020-12-04 23:49:22.000000',12,11),(250,'2020-12-04 23:48:51.000000','eventValid','2022-12-04 23:49:18.000000','2020-12-04 23:49:22.000000',13,2),(251,'2020-12-04 23:48:51.000000','eventVisible','2022-12-04 23:49:18.000000','2020-12-04 23:49:22.000000',13,2),(252,'2020-12-04 23:48:51.000000','groupValid','2022-12-04 23:49:18.000000','2020-12-04 23:49:22.000000',13,2),(253,'2020-12-04 23:48:51.000000','eventValid','2022-12-04 23:49:18.000000','2020-12-04 23:49:22.000000',13,9),(254,'2020-12-04 23:48:51.000000','eventVisible','2022-12-04 23:49:18.000000','2020-12-04 23:49:22.000000',13,9),(255,'2020-12-04 23:48:51.000000','groupValid','2022-12-04 23:49:18.000000','2020-12-04 23:49:22.000000',13,9),(256,'2020-12-04 23:48:51.000000','eventValid','2022-12-04 23:49:18.000000','2020-12-04 23:49:22.000000',13,6),(257,'2020-12-04 23:48:51.000000','eventVisible','2022-12-04 23:49:18.000000','2020-12-04 23:49:22.000000',13,6),(258,'2020-12-04 23:48:51.000000','groupValid','2022-12-04 23:49:18.000000','2020-12-04 23:49:22.000000',13,6),(259,'2020-12-04 23:48:51.000000','eventValid','2022-12-04 23:49:18.000000','2020-12-04 23:49:22.000000',13,8),(260,'2020-12-04 23:48:51.000000','eventVisible','2022-12-04 23:49:18.000000','2020-12-04 23:49:22.000000',13,8),(261,'2020-12-04 23:48:51.000000','groupValid','2022-12-04 23:49:18.000000','2020-12-04 23:49:22.000000',13,8),(262,'2020-12-04 23:48:51.000000','eventValid','2022-12-04 23:49:18.000000','2020-12-04 23:49:22.000000',13,10),(263,'2020-12-04 23:48:51.000000','eventVisible','2022-12-04 23:49:18.000000','2020-12-04 23:49:22.000000',13,10),(264,'2020-12-04 23:48:51.000000','groupValid','2022-12-04 23:49:18.000000','2020-12-04 23:49:22.000000',13,10),(265,'2020-12-04 23:48:51.000000','eventValid','2022-12-04 23:49:18.000000','2020-12-04 23:49:22.000000',14,6),(266,'2020-12-04 23:48:51.000000','eventVisible','2022-12-04 23:49:18.000000','2020-12-04 23:49:22.000000',14,6),(267,'2020-12-04 23:48:51.000000','groupValid','2022-12-04 23:49:18.000000','2020-12-04 23:49:22.000000',14,6),(268,'2020-12-04 23:48:51.000000','eventValid','2022-12-04 23:49:18.000000','2020-12-04 23:49:22.000000',14,7),(269,'2020-12-04 23:48:51.000000','eventVisible','2022-12-04 23:49:18.000000','2020-12-04 23:49:22.000000',14,7),(270,'2020-12-04 23:48:51.000000','groupValid','2022-12-04 23:49:18.000000','2020-12-04 23:49:22.000000',14,7),(271,'2020-12-04 23:48:51.000000','eventValid','2022-12-04 23:49:18.000000','2020-12-04 23:49:22.000000',14,11),(272,'2020-12-04 23:48:51.000000','eventVisible','2022-12-04 23:49:18.000000','2020-12-04 23:49:22.000000',14,11),(273,'2020-12-04 23:48:51.000000','groupValid','2022-12-04 23:49:18.000000','2020-12-04 23:49:22.000000',14,11),(274,'2020-12-04 23:48:51.000000','eventValid','2022-12-04 23:49:18.000000','2020-12-04 23:49:22.000000',14,1),(275,'2020-12-04 23:48:51.000000','eventVisible','2022-12-04 23:49:18.000000','2020-12-04 23:49:22.000000',14,1),(276,'2020-12-04 23:48:51.000000','groupValid','2022-12-04 23:49:18.000000','2020-12-04 23:49:22.000000',14,1),(277,'2020-12-04 23:48:51.000000','eventValid','2022-12-04 23:49:18.000000','2020-12-04 23:49:22.000000',14,8),(278,'2020-12-04 23:48:51.000000','eventVisible','2022-12-04 23:49:18.000000','2020-12-04 23:49:22.000000',14,8),(279,'2020-12-04 23:48:51.000000','groupValid','2022-12-04 23:49:18.000000','2020-12-04 23:49:22.000000',14,8),(280,'2020-12-04 23:48:51.000000','eventValid','2022-12-04 23:49:18.000000','2020-12-04 23:49:22.000000',15,4),(281,'2020-12-04 23:48:51.000000','eventVisible','2022-12-04 23:49:18.000000','2020-12-04 23:49:22.000000',15,4),(282,'2020-12-04 23:48:51.000000','groupValid','2022-12-04 23:49:18.000000','2020-12-04 23:49:22.000000',15,4),(283,'2020-12-04 23:48:51.000000','eventValid','2022-12-04 23:49:18.000000','2020-12-04 23:49:22.000000',15,1),(284,'2020-12-04 23:48:51.000000','eventVisible','2022-12-04 23:49:18.000000','2020-12-04 23:49:22.000000',15,1),(285,'2020-12-04 23:48:51.000000','groupValid','2022-12-04 23:49:18.000000','2020-12-04 23:49:22.000000',15,1),(286,'2020-12-04 23:48:51.000000','eventValid','2022-12-04 23:49:18.000000','2020-12-04 23:49:22.000000',15,7),(287,'2020-12-04 23:48:51.000000','eventVisible','2022-12-04 23:49:18.000000','2020-12-04 23:49:22.000000',15,7),(288,'2020-12-04 23:48:51.000000','groupValid','2022-12-04 23:49:18.000000','2020-12-04 23:49:22.000000',15,7),(289,'2020-12-04 23:48:51.000000','eventValid','2022-12-04 23:49:18.000000','2020-12-04 23:49:22.000000',15,3),(290,'2020-12-04 23:48:51.000000','eventVisible','2022-12-04 23:49:18.000000','2020-12-04 23:49:22.000000',15,3),(291,'2020-12-04 23:48:51.000000','groupValid','2022-12-04 23:49:18.000000','2020-12-04 23:49:22.000000',15,3),(292,'2020-12-04 23:48:51.000000','eventValid','2022-12-04 23:49:18.000000','2020-12-04 23:49:22.000000',15,10),(293,'2020-12-04 23:48:51.000000','eventVisible','2022-12-04 23:49:18.000000','2020-12-04 23:49:22.000000',15,10),(294,'2020-12-04 23:48:51.000000','groupValid','2022-12-04 23:49:18.000000','2020-12-04 23:49:22.000000',15,10),(295,'2020-12-04 23:48:51.000000','eventValid','2022-12-04 23:49:18.000000','2020-12-04 23:49:22.000000',16,4),(296,'2020-12-04 23:48:51.000000','eventVisible','2022-12-04 23:49:18.000000','2020-12-04 23:49:22.000000',16,4),(297,'2020-12-04 23:48:51.000000','groupValid','2022-12-04 23:49:18.000000','2020-12-04 23:49:22.000000',16,4),(298,'2020-12-04 23:48:51.000000','eventValid','2022-12-04 23:49:18.000000','2020-12-04 23:49:22.000000',16,5),(299,'2020-12-04 23:48:51.000000','eventVisible','2022-12-04 23:49:18.000000','2020-12-04 23:49:22.000000',16,5),(300,'2020-12-04 23:48:51.000000','groupValid','2022-12-04 23:49:18.000000','2020-12-04 23:49:22.000000',16,5),(301,'2020-12-04 23:48:51.000000','eventValid','2022-12-04 23:49:18.000000','2020-12-04 23:49:22.000000',16,10),(302,'2020-12-04 23:48:51.000000','eventVisible','2022-12-04 23:49:18.000000','2020-12-04 23:49:22.000000',16,10),(303,'2020-12-04 23:48:51.000000','groupValid','2022-12-04 23:49:18.000000','2020-12-04 23:49:22.000000',16,10),(304,'2020-12-04 23:48:51.000000','eventValid','2022-12-04 23:49:18.000000','2020-12-04 23:49:22.000000',17,9),(305,'2020-12-04 23:48:51.000000','eventVisible','2022-12-04 23:49:18.000000','2020-12-04 23:49:22.000000',17,9),(306,'2020-12-04 23:48:51.000000','groupValid','2022-12-04 23:49:18.000000','2020-12-04 23:49:22.000000',17,9),(307,'2020-12-04 23:48:51.000000','eventValid','2022-12-04 23:49:18.000000','2020-12-04 23:49:22.000000',17,2),(308,'2020-12-04 23:48:51.000000','eventVisible','2022-12-04 23:49:18.000000','2020-12-04 23:49:22.000000',17,2),(309,'2020-12-04 23:48:51.000000','groupValid','2022-12-04 23:49:18.000000','2020-12-04 23:49:22.000000',17,2),(310,'2020-12-04 23:48:51.000000','eventValid','2022-12-04 23:49:18.000000','2020-12-04 23:49:22.000000',17,3),(311,'2020-12-04 23:48:51.000000','eventVisible','2022-12-04 23:49:18.000000','2020-12-04 23:49:22.000000',17,3),(312,'2020-12-04 23:48:51.000000','groupValid','2022-12-04 23:49:18.000000','2020-12-04 23:49:22.000000',17,3),(313,'2020-12-04 23:48:51.000000','eventValid','2022-12-04 23:49:18.000000','2020-12-04 23:49:22.000000',18,11),(314,'2020-12-04 23:48:51.000000','eventVisible','2022-12-04 23:49:18.000000','2020-12-04 23:49:22.000000',18,11),(315,'2020-12-04 23:48:51.000000','groupValid','2022-12-04 23:49:18.000000','2020-12-04 23:49:22.000000',18,11),(316,'2020-12-04 23:48:51.000000','eventValid','2022-12-04 23:49:18.000000','2020-12-04 23:49:22.000000',18,7),(317,'2020-12-04 23:48:51.000000','eventVisible','2022-12-04 23:49:18.000000','2020-12-04 23:49:22.000000',18,7),(318,'2020-12-04 23:48:51.000000','groupValid','2022-12-04 23:49:18.000000','2020-12-04 23:49:22.000000',18,7),(319,'2020-12-04 23:48:51.000000','eventValid','2022-12-04 23:49:18.000000','2020-12-04 23:49:22.000000',18,4),(320,'2020-12-04 23:48:51.000000','eventVisible','2022-12-04 23:49:18.000000','2020-12-04 23:49:22.000000',18,4),(321,'2020-12-04 23:48:51.000000','groupValid','2022-12-04 23:49:18.000000','2020-12-04 23:49:22.000000',18,4),(322,'2020-12-04 23:48:51.000000','eventValid','2022-12-04 23:49:18.000000','2020-12-04 23:49:22.000000',19,3),(323,'2020-12-04 23:48:51.000000','eventVisible','2022-12-04 23:49:18.000000','2020-12-04 23:49:22.000000',19,3),(324,'2020-12-04 23:48:51.000000','groupValid','2022-12-04 23:49:18.000000','2020-12-04 23:49:22.000000',19,3),(325,'2020-12-04 23:48:51.000000','eventValid','2022-12-04 23:49:18.000000','2020-12-04 23:49:22.000000',19,1),(326,'2020-12-04 23:48:51.000000','eventVisible','2022-12-04 23:49:18.000000','2020-12-04 23:49:22.000000',19,1),(327,'2020-12-04 23:48:51.000000','groupValid','2022-12-04 23:49:18.000000','2020-12-04 23:49:22.000000',19,1),(328,'2020-12-04 23:48:51.000000','eventValid','2022-12-04 23:49:18.000000','2020-12-04 23:49:22.000000',19,7),(329,'2020-12-04 23:48:51.000000','eventVisible','2022-12-04 23:49:18.000000','2020-12-04 23:49:22.000000',19,7),(330,'2020-12-04 23:48:51.000000','groupValid','2022-12-04 23:49:18.000000','2020-12-04 23:49:22.000000',19,7),(331,'2020-12-04 23:48:51.000000','eventValid','2022-12-04 23:49:18.000000','2020-12-04 23:49:22.000000',19,8),(332,'2020-12-04 23:48:51.000000','eventVisible','2022-12-04 23:49:18.000000','2020-12-04 23:49:22.000000',19,8),(333,'2020-12-04 23:48:51.000000','groupValid','2022-12-04 23:49:18.000000','2020-12-04 23:49:22.000000',19,8),(334,'2020-12-04 23:48:51.000000','eventValid','2022-12-04 23:49:18.000000','2020-12-04 23:49:22.000000',20,4),(335,'2020-12-04 23:48:51.000000','eventVisible','2022-12-04 23:49:18.000000','2020-12-04 23:49:22.000000',20,4),(336,'2020-12-04 23:48:51.000000','groupValid','2022-12-04 23:49:18.000000','2020-12-04 23:49:22.000000',20,4),(337,'2020-12-04 23:48:51.000000','eventValid','2022-12-04 23:49:18.000000','2020-12-04 23:49:22.000000',20,11),(338,'2020-12-04 23:48:51.000000','eventVisible','2022-12-04 23:49:18.000000','2020-12-04 23:49:22.000000',20,11),(339,'2020-12-04 23:48:51.000000','groupValid','2022-12-04 23:49:18.000000','2020-12-04 23:49:22.000000',20,11),(340,'2020-12-04 23:48:51.000000','eventValid','2022-12-04 23:49:18.000000','2020-12-04 23:49:22.000000',20,9),(341,'2020-12-04 23:48:51.000000','eventVisible','2022-12-04 23:49:18.000000','2020-12-04 23:49:22.000000',20,9),(342,'2020-12-04 23:48:51.000000','groupValid','2022-12-04 23:49:18.000000','2020-12-04 23:49:22.000000',20,9),(343,'2020-12-04 23:48:51.000000','eventValid','2022-12-04 23:49:18.000000','2020-12-04 23:49:22.000000',20,8),(344,'2020-12-04 23:48:51.000000','eventVisible','2022-12-04 23:49:18.000000','2020-12-04 23:49:22.000000',20,8),(345,'2020-12-04 23:48:51.000000','groupValid','2022-12-04 23:49:18.000000','2020-12-04 23:49:22.000000',20,8),(346,'2020-12-04 23:48:51.000000','eventValid','2022-12-04 23:49:18.000000','2020-12-04 23:49:22.000000',20,6),(347,'2020-12-04 23:48:51.000000','eventVisible','2022-12-04 23:49:18.000000','2020-12-04 23:49:22.000000',20,6),(348,'2020-12-04 23:48:51.000000','groupValid','2022-12-04 23:49:18.000000','2020-12-04 23:49:22.000000',20,6),(349,'2020-12-04 23:48:51.000000','eventValid','2022-12-04 23:49:18.000000','2020-12-04 23:49:22.000000',21,4),(350,'2020-12-04 23:48:51.000000','eventVisible','2022-12-04 23:49:18.000000','2020-12-04 23:49:22.000000',21,4),(351,'2020-12-04 23:48:51.000000','groupValid','2022-12-04 23:49:18.000000','2020-12-04 23:49:22.000000',21,4),(352,'2020-12-04 23:48:51.000000','eventValid','2022-12-04 23:49:18.000000','2020-12-04 23:49:22.000000',21,11),(353,'2020-12-04 23:48:51.000000','eventVisible','2022-12-04 23:49:18.000000','2020-12-04 23:49:22.000000',21,11),(354,'2020-12-04 23:48:51.000000','groupValid','2022-12-04 23:49:18.000000','2020-12-04 23:49:22.000000',21,11),(355,'2020-12-04 23:48:51.000000','eventValid','2022-12-04 23:49:18.000000','2020-12-04 23:49:22.000000',21,10),(356,'2020-12-04 23:48:51.000000','eventVisible','2022-12-04 23:49:18.000000','2020-12-04 23:49:22.000000',21,10),(357,'2020-12-04 23:48:51.000000','groupValid','2022-12-04 23:49:18.000000','2020-12-04 23:49:22.000000',21,10),(358,'2020-12-04 23:48:51.000000','eventValid','2022-12-04 23:49:18.000000','2020-12-04 23:49:22.000000',22,3),(359,'2020-12-04 23:48:51.000000','eventVisible','2022-12-04 23:49:18.000000','2020-12-04 23:49:22.000000',22,3),(360,'2020-12-04 23:48:51.000000','groupValid','2022-12-04 23:49:18.000000','2020-12-04 23:49:22.000000',22,3),(361,'2020-12-04 23:48:51.000000','eventValid','2022-12-04 23:49:18.000000','2020-12-04 23:49:22.000000',22,10),(362,'2020-12-04 23:48:51.000000','eventVisible','2022-12-04 23:49:18.000000','2020-12-04 23:49:22.000000',22,10),(363,'2020-12-04 23:48:51.000000','groupValid','2022-12-04 23:49:18.000000','2020-12-04 23:49:22.000000',22,10),(364,'2020-12-04 23:48:51.000000','eventValid','2022-12-04 23:49:18.000000','2020-12-04 23:49:22.000000',22,6),(365,'2020-12-04 23:48:51.000000','eventVisible','2022-12-04 23:49:18.000000','2020-12-04 23:49:22.000000',22,6),(366,'2020-12-04 23:48:51.000000','groupValid','2022-12-04 23:49:18.000000','2020-12-04 23:49:22.000000',22,6),(367,'2020-12-04 23:48:51.000000','eventValid','2022-12-04 23:49:18.000000','2020-12-04 23:49:22.000000',22,1),(368,'2020-12-04 23:48:51.000000','eventVisible','2022-12-04 23:49:18.000000','2020-12-04 23:49:22.000000',22,1),(369,'2020-12-04 23:48:51.000000','groupValid','2022-12-04 23:49:18.000000','2020-12-04 23:49:22.000000',22,1),(370,'2020-12-04 23:48:51.000000','eventValid','2022-12-04 23:49:18.000000','2020-12-04 23:49:22.000000',23,3),(371,'2020-12-04 23:48:51.000000','eventVisible','2022-12-04 23:49:18.000000','2020-12-04 23:49:22.000000',23,3),(372,'2020-12-04 23:48:51.000000','groupValid','2022-12-04 23:49:18.000000','2020-12-04 23:49:22.000000',23,3),(373,'2020-12-04 23:48:51.000000','eventValid','2022-12-04 23:49:18.000000','2020-12-04 23:49:22.000000',23,10),(374,'2020-12-04 23:48:51.000000','eventVisible','2022-12-04 23:49:18.000000','2020-12-04 23:49:22.000000',23,10),(375,'2020-12-04 23:48:51.000000','groupValid','2022-12-04 23:49:18.000000','2020-12-04 23:49:22.000000',23,10),(376,'2020-12-04 23:48:51.000000','eventValid','2022-12-04 23:49:18.000000','2020-12-04 23:49:22.000000',23,8),(377,'2020-12-04 23:48:51.000000','eventVisible','2022-12-04 23:49:18.000000','2020-12-04 23:49:22.000000',23,8),(378,'2020-12-04 23:48:51.000000','groupValid','2022-12-04 23:49:18.000000','2020-12-04 23:49:22.000000',23,8),(379,'2020-12-04 23:48:51.000000','eventValid','2022-12-04 23:49:18.000000','2020-12-04 23:49:22.000000',23,9),(380,'2020-12-04 23:48:51.000000','eventVisible','2022-12-04 23:49:18.000000','2020-12-04 23:49:22.000000',23,9),(381,'2020-12-04 23:48:51.000000','groupValid','2022-12-04 23:49:18.000000','2020-12-04 23:49:22.000000',23,9),(382,'2020-12-04 23:48:51.000000','eventValid','2022-12-04 23:49:18.000000','2020-12-04 23:49:22.000000',24,3),(383,'2020-12-04 23:48:51.000000','eventVisible','2022-12-04 23:49:18.000000','2020-12-04 23:49:22.000000',24,3),(384,'2020-12-04 23:48:51.000000','groupValid','2022-12-04 23:49:18.000000','2020-12-04 23:49:22.000000',24,3),(385,'2020-12-04 23:48:51.000000','eventValid','2022-12-04 23:49:18.000000','2020-12-04 23:49:22.000000',24,11),(386,'2020-12-04 23:48:51.000000','eventVisible','2022-12-04 23:49:18.000000','2020-12-04 23:49:22.000000',24,11),(387,'2020-12-04 23:48:51.000000','groupValid','2022-12-04 23:49:18.000000','2020-12-04 23:49:22.000000',24,11),(388,'2020-12-04 23:48:51.000000','eventValid','2022-12-04 23:49:18.000000','2020-12-04 23:49:22.000000',24,6),(389,'2020-12-04 23:48:51.000000','eventVisible','2022-12-04 23:49:18.000000','2020-12-04 23:49:22.000000',24,6),(390,'2020-12-04 23:48:51.000000','groupValid','2022-12-04 23:49:18.000000','2020-12-04 23:49:22.000000',24,6),(391,'2020-12-04 23:48:51.000000','eventValid','2022-12-04 23:49:18.000000','2020-12-04 23:49:22.000000',25,3),(392,'2020-12-04 23:48:51.000000','eventVisible','2022-12-04 23:49:18.000000','2020-12-04 23:49:22.000000',25,3),(393,'2020-12-04 23:48:51.000000','groupValid','2022-12-04 23:49:18.000000','2020-12-04 23:49:22.000000',25,3),(394,'2020-12-04 23:48:51.000000','eventValid','2022-12-04 23:49:18.000000','2020-12-04 23:49:22.000000',25,8),(395,'2020-12-04 23:48:51.000000','eventVisible','2022-12-04 23:49:18.000000','2020-12-04 23:49:22.000000',25,8),(396,'2020-12-04 23:48:51.000000','groupValid','2022-12-04 23:49:18.000000','2020-12-04 23:49:22.000000',25,8),(397,'2020-12-04 23:48:51.000000','eventValid','2022-12-04 23:49:18.000000','2020-12-04 23:49:22.000000',25,2),(398,'2020-12-04 23:48:51.000000','eventVisible','2022-12-04 23:49:18.000000','2020-12-04 23:49:22.000000',25,2),(399,'2020-12-04 23:48:51.000000','groupValid','2022-12-04 23:49:18.000000','2020-12-04 23:49:22.000000',25,2),(400,'2020-12-04 23:48:51.000000','eventValid','2022-12-04 23:49:18.000000','2020-12-04 23:49:22.000000',26,8),(401,'2020-12-04 23:48:51.000000','eventVisible','2022-12-04 23:49:18.000000','2020-12-04 23:49:22.000000',26,8),(402,'2020-12-04 23:48:51.000000','groupValid','2022-12-04 23:49:18.000000','2020-12-04 23:49:22.000000',26,8),(403,'2020-12-04 23:48:51.000000','eventValid','2022-12-04 23:49:18.000000','2020-12-04 23:49:22.000000',26,4),(404,'2020-12-04 23:48:51.000000','eventVisible','2022-12-04 23:49:18.000000','2020-12-04 23:49:22.000000',26,4),(405,'2020-12-04 23:48:51.000000','groupValid','2022-12-04 23:49:18.000000','2020-12-04 23:49:22.000000',26,4),(406,'2020-12-04 23:48:51.000000','eventValid','2022-12-04 23:49:18.000000','2020-12-04 23:49:22.000000',26,3),(407,'2020-12-04 23:48:51.000000','eventVisible','2022-12-04 23:49:18.000000','2020-12-04 23:49:22.000000',26,3),(408,'2020-12-04 23:48:51.000000','groupValid','2022-12-04 23:49:18.000000','2020-12-04 23:49:22.000000',26,3),(409,'2020-12-04 23:48:51.000000','eventValid','2022-12-04 23:49:18.000000','2020-12-04 23:49:22.000000',27,11),(410,'2020-12-04 23:48:51.000000','eventVisible','2022-12-04 23:49:18.000000','2020-12-04 23:49:22.000000',27,11),(411,'2020-12-04 23:48:51.000000','groupValid','2022-12-04 23:49:18.000000','2020-12-04 23:49:22.000000',27,11),(412,'2020-12-04 23:48:51.000000','eventValid','2022-12-04 23:49:18.000000','2020-12-04 23:49:22.000000',27,7),(413,'2020-12-04 23:48:51.000000','eventVisible','2022-12-04 23:49:18.000000','2020-12-04 23:49:22.000000',27,7),(414,'2020-12-04 23:48:51.000000','groupValid','2022-12-04 23:49:18.000000','2020-12-04 23:49:22.000000',27,7),(415,'2020-12-04 23:48:51.000000','eventValid','2022-12-04 23:49:18.000000','2020-12-04 23:49:22.000000',27,9),(416,'2020-12-04 23:48:51.000000','eventVisible','2022-12-04 23:49:18.000000','2020-12-04 23:49:22.000000',27,9),(417,'2020-12-04 23:48:51.000000','groupValid','2022-12-04 23:49:18.000000','2020-12-04 23:49:22.000000',27,9),(418,'2020-12-04 23:48:51.000000','eventValid','2022-12-04 23:49:18.000000','2020-12-04 23:49:22.000000',27,2),(419,'2020-12-04 23:48:51.000000','eventVisible','2022-12-04 23:49:18.000000','2020-12-04 23:49:22.000000',27,2),(420,'2020-12-04 23:48:51.000000','groupValid','2022-12-04 23:49:18.000000','2020-12-04 23:49:22.000000',27,2),(421,'2020-12-04 23:48:51.000000','eventValid','2022-12-04 23:49:18.000000','2020-12-04 23:49:22.000000',28,3),(422,'2020-12-04 23:48:51.000000','eventVisible','2022-12-04 23:49:18.000000','2020-12-04 23:49:22.000000',28,3),(423,'2020-12-04 23:48:51.000000','groupValid','2022-12-04 23:49:18.000000','2020-12-04 23:49:22.000000',28,3),(424,'2020-12-04 23:48:51.000000','eventValid','2022-12-04 23:49:18.000000','2020-12-04 23:49:22.000000',28,7),(425,'2020-12-04 23:48:51.000000','eventVisible','2022-12-04 23:49:18.000000','2020-12-04 23:49:22.000000',28,7),(426,'2020-12-04 23:48:51.000000','groupValid','2022-12-04 23:49:18.000000','2020-12-04 23:49:22.000000',28,7),(427,'2020-12-04 23:48:51.000000','eventValid','2022-12-04 23:49:18.000000','2020-12-04 23:49:22.000000',28,5),(428,'2020-12-04 23:48:51.000000','eventVisible','2022-12-04 23:49:18.000000','2020-12-04 23:49:22.000000',28,5),(429,'2020-12-04 23:48:51.000000','groupValid','2022-12-04 23:49:18.000000','2020-12-04 23:49:22.000000',28,5),(430,'2020-12-04 23:48:51.000000','eventValid','2022-12-04 23:49:18.000000','2020-12-04 23:49:22.000000',28,1),(431,'2020-12-04 23:48:51.000000','eventVisible','2022-12-04 23:49:18.000000','2020-12-04 23:49:22.000000',28,1),(432,'2020-12-04 23:48:51.000000','groupValid','2022-12-04 23:49:18.000000','2020-12-04 23:49:22.000000',28,1),(433,'2020-12-04 23:48:51.000000','eventValid','2022-12-04 23:49:18.000000','2020-12-04 23:49:22.000000',29,2),(434,'2020-12-04 23:48:51.000000','eventVisible','2022-12-04 23:49:18.000000','2020-12-04 23:49:22.000000',29,2),(435,'2020-12-04 23:48:51.000000','groupValid','2022-12-04 23:49:18.000000','2020-12-04 23:49:22.000000',29,2),(436,'2020-12-04 23:48:51.000000','eventValid','2022-12-04 23:49:18.000000','2020-12-04 23:49:22.000000',29,5),(437,'2020-12-04 23:48:51.000000','eventVisible','2022-12-04 23:49:18.000000','2020-12-04 23:49:22.000000',29,5),(438,'2020-12-04 23:48:51.000000','groupValid','2022-12-04 23:49:18.000000','2020-12-04 23:49:22.000000',29,5),(439,'2020-12-04 23:48:51.000000','eventValid','2022-12-04 23:49:18.000000','2020-12-04 23:49:22.000000',29,10),(440,'2020-12-04 23:48:51.000000','eventVisible','2022-12-04 23:49:18.000000','2020-12-04 23:49:22.000000',29,10),(441,'2020-12-04 23:48:51.000000','groupValid','2022-12-04 23:49:18.000000','2020-12-04 23:49:22.000000',29,10),(442,'2020-12-04 23:48:51.000000','eventValid','2022-12-04 23:49:18.000000','2020-12-04 23:49:22.000000',30,7),(443,'2020-12-04 23:48:51.000000','eventVisible','2022-12-04 23:49:18.000000','2020-12-04 23:49:22.000000',30,7),(444,'2020-12-04 23:48:51.000000','groupValid','2022-12-04 23:49:18.000000','2020-12-04 23:49:22.000000',30,7),(445,'2020-12-04 23:48:51.000000','eventValid','2022-12-04 23:49:18.000000','2020-12-04 23:49:22.000000',30,2),(446,'2020-12-04 23:48:51.000000','eventVisible','2022-12-04 23:49:18.000000','2020-12-04 23:49:22.000000',30,2),(447,'2020-12-04 23:48:51.000000','groupValid','2022-12-04 23:49:18.000000','2020-12-04 23:49:22.000000',30,2),(448,'2020-12-04 23:48:51.000000','eventValid','2022-12-04 23:49:18.000000','2020-12-04 23:49:22.000000',30,8),(449,'2020-12-04 23:48:51.000000','eventVisible','2022-12-04 23:49:18.000000','2020-12-04 23:49:22.000000',30,8),(450,'2020-12-04 23:48:51.000000','groupValid','2022-12-04 23:49:18.000000','2020-12-04 23:49:22.000000',30,8),(451,'2020-12-04 23:48:51.000000','eventValid','2022-12-04 23:49:18.000000','2020-12-04 23:49:22.000000',30,3),(452,'2020-12-04 23:48:51.000000','eventVisible','2022-12-04 23:49:18.000000','2020-12-04 23:49:22.000000',30,3),(453,'2020-12-04 23:48:51.000000','groupValid','2022-12-04 23:49:18.000000','2020-12-04 23:49:22.000000',30,3),(454,'2020-12-04 23:48:51.000000','eventValid','2022-12-04 23:49:18.000000','2020-12-04 23:49:22.000000',30,6),(455,'2020-12-04 23:48:51.000000','eventVisible','2022-12-04 23:49:18.000000','2020-12-04 23:49:22.000000',30,6),(456,'2020-12-04 23:48:51.000000','groupValid','2022-12-04 23:49:18.000000','2020-12-04 23:49:22.000000',30,6),(457,'2020-12-04 23:48:51.000000','eventValid','2022-12-04 23:49:18.000000','2020-12-04 23:49:22.000000',31,4),(458,'2020-12-04 23:48:51.000000','eventVisible','2022-12-04 23:49:18.000000','2020-12-04 23:49:22.000000',31,4),(459,'2020-12-04 23:48:51.000000','groupValid','2022-12-04 23:49:18.000000','2020-12-04 23:49:22.000000',31,4),(460,'2020-12-04 23:48:51.000000','eventValid','2022-12-04 23:49:18.000000','2020-12-04 23:49:22.000000',31,9),(461,'2020-12-04 23:48:51.000000','eventVisible','2022-12-04 23:49:18.000000','2020-12-04 23:49:22.000000',31,9),(462,'2020-12-04 23:48:51.000000','groupValid','2022-12-04 23:49:18.000000','2020-12-04 23:49:22.000000',31,9),(463,'2020-12-04 23:48:51.000000','eventValid','2022-12-04 23:49:18.000000','2020-12-04 23:49:22.000000',31,5),(464,'2020-12-04 23:48:51.000000','eventVisible','2022-12-04 23:49:18.000000','2020-12-04 23:49:22.000000',31,5),(465,'2020-12-04 23:48:51.000000','groupValid','2022-12-04 23:49:18.000000','2020-12-04 23:49:22.000000',31,5),(466,'2020-12-04 23:48:51.000000','eventValid','2022-12-04 23:49:18.000000','2020-12-04 23:49:22.000000',31,8),(467,'2020-12-04 23:48:51.000000','eventVisible','2022-12-04 23:49:18.000000','2020-12-04 23:49:22.000000',31,8),(468,'2020-12-04 23:48:51.000000','groupValid','2022-12-04 23:49:18.000000','2020-12-04 23:49:22.000000',31,8),(469,'2020-12-04 23:48:51.000000','eventValid','2022-12-04 23:49:18.000000','2020-12-04 23:49:22.000000',32,3),(470,'2020-12-04 23:48:51.000000','eventVisible','2022-12-04 23:49:18.000000','2020-12-04 23:49:22.000000',32,3),(471,'2020-12-04 23:48:51.000000','groupValid','2022-12-04 23:49:18.000000','2020-12-04 23:49:22.000000',32,3),(472,'2020-12-04 23:48:51.000000','eventValid','2022-12-04 23:49:18.000000','2020-12-04 23:49:22.000000',32,9),(473,'2020-12-04 23:48:51.000000','eventVisible','2022-12-04 23:49:18.000000','2020-12-04 23:49:22.000000',32,9),(474,'2020-12-04 23:48:51.000000','groupValid','2022-12-04 23:49:18.000000','2020-12-04 23:49:22.000000',32,9),(475,'2020-12-04 23:48:51.000000','eventValid','2022-12-04 23:49:18.000000','2020-12-04 23:49:22.000000',32,5),(476,'2020-12-04 23:48:51.000000','eventVisible','2022-12-04 23:49:18.000000','2020-12-04 23:49:22.000000',32,5),(477,'2020-12-04 23:48:51.000000','groupValid','2022-12-04 23:49:18.000000','2020-12-04 23:49:22.000000',32,5),(478,'2020-12-04 23:48:51.000000','eventValid','2022-12-04 23:49:18.000000','2020-12-04 23:49:22.000000',33,1),(479,'2020-12-04 23:48:51.000000','eventVisible','2022-12-04 23:49:18.000000','2020-12-04 23:49:22.000000',33,1),(480,'2020-12-04 23:48:51.000000','groupValid','2022-12-04 23:49:18.000000','2020-12-04 23:49:22.000000',33,1),(481,'2020-12-04 23:48:51.000000','eventValid','2022-12-04 23:49:18.000000','2020-12-04 23:49:22.000000',33,10),(482,'2020-12-04 23:48:51.000000','eventVisible','2022-12-04 23:49:18.000000','2020-12-04 23:49:22.000000',33,10),(483,'2020-12-04 23:48:51.000000','groupValid','2022-12-04 23:49:18.000000','2020-12-04 23:49:22.000000',33,10),(484,'2020-12-04 23:48:51.000000','eventValid','2022-12-04 23:49:18.000000','2020-12-04 23:49:22.000000',33,11),(485,'2020-12-04 23:48:51.000000','eventVisible','2022-12-04 23:49:18.000000','2020-12-04 23:49:22.000000',33,11),(486,'2020-12-04 23:48:51.000000','groupValid','2022-12-04 23:49:18.000000','2020-12-04 23:49:22.000000',33,11),(487,'2020-12-04 23:48:51.000000','eventValid','2022-12-04 23:49:18.000000','2020-12-04 23:49:22.000000',34,2),(488,'2020-12-04 23:48:51.000000','eventVisible','2022-12-04 23:49:18.000000','2020-12-04 23:49:22.000000',34,2),(489,'2020-12-04 23:48:51.000000','groupValid','2022-12-04 23:49:18.000000','2020-12-04 23:49:22.000000',34,2),(490,'2020-12-04 23:48:51.000000','eventValid','2022-12-04 23:49:18.000000','2020-12-04 23:49:22.000000',34,3),(491,'2020-12-04 23:48:51.000000','eventVisible','2022-12-04 23:49:18.000000','2020-12-04 23:49:22.000000',34,3),(492,'2020-12-04 23:48:51.000000','groupValid','2022-12-04 23:49:18.000000','2020-12-04 23:49:22.000000',34,3),(493,'2020-12-04 23:48:51.000000','eventValid','2022-12-04 23:49:18.000000','2020-12-04 23:49:22.000000',34,10),(494,'2020-12-04 23:48:51.000000','eventVisible','2022-12-04 23:49:18.000000','2020-12-04 23:49:22.000000',34,10),(495,'2020-12-04 23:48:51.000000','groupValid','2022-12-04 23:49:18.000000','2020-12-04 23:49:22.000000',34,10),(496,'2020-12-04 23:48:51.000000','eventValid','2022-12-04 23:49:18.000000','2020-12-04 23:49:22.000000',34,9),(497,'2020-12-04 23:48:51.000000','eventVisible','2022-12-04 23:49:18.000000','2020-12-04 23:49:22.000000',34,9),(498,'2020-12-04 23:48:51.000000','groupValid','2022-12-04 23:49:18.000000','2020-12-04 23:49:22.000000',34,9),(499,'2020-12-04 23:48:51.000000','eventValid','2022-12-04 23:49:18.000000','2020-12-04 23:49:22.000000',35,1),(500,'2020-12-04 23:48:51.000000','eventVisible','2022-12-04 23:49:18.000000','2020-12-04 23:49:22.000000',35,1),(501,'2020-12-04 23:48:51.000000','groupValid','2022-12-04 23:49:18.000000','2020-12-04 23:49:22.000000',35,1),(502,'2020-12-04 23:48:51.000000','eventValid','2022-12-04 23:49:18.000000','2020-12-04 23:49:22.000000',35,5),(503,'2020-12-04 23:48:51.000000','eventVisible','2022-12-04 23:49:18.000000','2020-12-04 23:49:22.000000',35,5),(504,'2020-12-04 23:48:51.000000','groupValid','2022-12-04 23:49:18.000000','2020-12-04 23:49:22.000000',35,5),(505,'2020-12-04 23:48:51.000000','eventValid','2022-12-04 23:49:18.000000','2020-12-04 23:49:22.000000',35,3),(506,'2020-12-04 23:48:51.000000','eventVisible','2022-12-04 23:49:18.000000','2020-12-04 23:49:22.000000',35,3),(507,'2020-12-04 23:48:51.000000','groupValid','2022-12-04 23:49:18.000000','2020-12-04 23:49:22.000000',35,3),(508,'2020-12-04 23:48:51.000000','eventValid','2022-12-04 23:49:18.000000','2020-12-04 23:49:22.000000',36,6),(509,'2020-12-04 23:48:51.000000','eventVisible','2022-12-04 23:49:18.000000','2020-12-04 23:49:22.000000',36,6),(510,'2020-12-04 23:48:51.000000','groupValid','2022-12-04 23:49:18.000000','2020-12-04 23:49:22.000000',36,6),(511,'2020-12-04 23:48:51.000000','eventValid','2022-12-04 23:49:18.000000','2020-12-04 23:49:22.000000',36,4),(512,'2020-12-04 23:48:51.000000','eventVisible','2022-12-04 23:49:18.000000','2020-12-04 23:49:22.000000',36,4),(513,'2020-12-04 23:48:51.000000','groupValid','2022-12-04 23:49:18.000000','2020-12-04 23:49:22.000000',36,4),(514,'2020-12-04 23:48:51.000000','eventValid','2022-12-04 23:49:18.000000','2020-12-04 23:49:22.000000',36,3),(515,'2020-12-04 23:48:51.000000','eventVisible','2022-12-04 23:49:18.000000','2020-12-04 23:49:22.000000',36,3),(516,'2020-12-04 23:48:51.000000','groupValid','2022-12-04 23:49:18.000000','2020-12-04 23:49:22.000000',36,3),(517,'2020-12-04 23:48:51.000000','eventValid','2022-12-04 23:49:18.000000','2020-12-04 23:49:22.000000',37,9),(518,'2020-12-04 23:48:51.000000','eventVisible','2022-12-04 23:49:18.000000','2020-12-04 23:49:22.000000',37,9),(519,'2020-12-04 23:48:51.000000','groupValid','2022-12-04 23:49:18.000000','2020-12-04 23:49:22.000000',37,9),(520,'2020-12-04 23:48:51.000000','eventValid','2022-12-04 23:49:18.000000','2020-12-04 23:49:22.000000',37,6),(521,'2020-12-04 23:48:51.000000','eventVisible','2022-12-04 23:49:18.000000','2020-12-04 23:49:22.000000',37,6),(522,'2020-12-04 23:48:51.000000','groupValid','2022-12-04 23:49:18.000000','2020-12-04 23:49:22.000000',37,6),(523,'2020-12-04 23:48:51.000000','eventValid','2022-12-04 23:49:18.000000','2020-12-04 23:49:22.000000',37,5),(524,'2020-12-04 23:48:51.000000','eventVisible','2022-12-04 23:49:18.000000','2020-12-04 23:49:22.000000',37,5),(525,'2020-12-04 23:48:51.000000','groupValid','2022-12-04 23:49:18.000000','2020-12-04 23:49:22.000000',37,5),(526,'2020-12-04 23:48:51.000000','eventValid','2022-12-04 23:49:18.000000','2020-12-04 23:49:22.000000',37,3),(527,'2020-12-04 23:48:51.000000','eventVisible','2022-12-04 23:49:18.000000','2020-12-04 23:49:22.000000',37,3),(528,'2020-12-04 23:48:51.000000','groupValid','2022-12-04 23:49:18.000000','2020-12-04 23:49:22.000000',37,3),(529,'2020-12-04 23:48:51.000000','eventValid','2022-12-04 23:49:18.000000','2020-12-04 23:49:22.000000',38,11),(530,'2020-12-04 23:48:51.000000','eventVisible','2022-12-04 23:49:18.000000','2020-12-04 23:49:22.000000',38,11),(531,'2020-12-04 23:48:51.000000','groupValid','2022-12-04 23:49:18.000000','2020-12-04 23:49:22.000000',38,11),(532,'2020-12-04 23:48:51.000000','eventValid','2022-12-04 23:49:18.000000','2020-12-04 23:49:22.000000',38,1),(533,'2020-12-04 23:48:51.000000','eventVisible','2022-12-04 23:49:18.000000','2020-12-04 23:49:22.000000',38,1),(534,'2020-12-04 23:48:51.000000','groupValid','2022-12-04 23:49:18.000000','2020-12-04 23:49:22.000000',38,1),(535,'2020-12-04 23:48:51.000000','eventValid','2022-12-04 23:49:18.000000','2020-12-04 23:49:22.000000',38,2),(536,'2020-12-04 23:48:51.000000','eventVisible','2022-12-04 23:49:18.000000','2020-12-04 23:49:22.000000',38,2),(537,'2020-12-04 23:48:51.000000','groupValid','2022-12-04 23:49:18.000000','2020-12-04 23:49:22.000000',38,2),(538,'2020-12-04 23:48:51.000000','eventValid','2022-12-04 23:49:18.000000','2020-12-04 23:49:22.000000',39,5),(539,'2020-12-04 23:48:51.000000','eventVisible','2022-12-04 23:49:18.000000','2020-12-04 23:49:22.000000',39,5),(540,'2020-12-04 23:48:51.000000','groupValid','2022-12-04 23:49:18.000000','2020-12-04 23:49:22.000000',39,5),(541,'2020-12-04 23:48:51.000000','eventValid','2022-12-04 23:49:18.000000','2020-12-04 23:49:22.000000',39,8),(542,'2020-12-04 23:48:51.000000','eventVisible','2022-12-04 23:49:18.000000','2020-12-04 23:49:22.000000',39,8),(543,'2020-12-04 23:48:51.000000','groupValid','2022-12-04 23:49:18.000000','2020-12-04 23:49:22.000000',39,8),(544,'2020-12-04 23:48:51.000000','eventValid','2022-12-04 23:49:18.000000','2020-12-04 23:49:22.000000',39,11),(545,'2020-12-04 23:48:51.000000','eventVisible','2022-12-04 23:49:18.000000','2020-12-04 23:49:22.000000',39,11),(546,'2020-12-04 23:48:51.000000','groupValid','2022-12-04 23:49:18.000000','2020-12-04 23:49:22.000000',39,11),(547,'2020-12-04 23:48:51.000000','eventValid','2022-12-04 23:49:18.000000','2020-12-04 23:49:22.000000',39,7),(548,'2020-12-04 23:48:51.000000','eventVisible','2022-12-04 23:49:18.000000','2020-12-04 23:49:22.000000',39,7),(549,'2020-12-04 23:48:51.000000','groupValid','2022-12-04 23:49:18.000000','2020-12-04 23:49:22.000000',39,7),(550,'2020-12-04 23:48:51.000000','eventValid','2022-12-04 23:49:18.000000','2020-12-04 23:49:22.000000',40,1),(551,'2020-12-04 23:48:51.000000','eventVisible','2022-12-04 23:49:18.000000','2020-12-04 23:49:22.000000',40,1),(552,'2020-12-04 23:48:51.000000','groupValid','2022-12-04 23:49:18.000000','2020-12-04 23:49:22.000000',40,1),(553,'2020-12-04 23:48:51.000000','eventValid','2022-12-04 23:49:18.000000','2020-12-04 23:49:22.000000',40,6),(554,'2020-12-04 23:48:51.000000','eventVisible','2022-12-04 23:49:18.000000','2020-12-04 23:49:22.000000',40,6),(555,'2020-12-04 23:48:51.000000','groupValid','2022-12-04 23:49:18.000000','2020-12-04 23:49:22.000000',40,6),(556,'2020-12-04 23:48:51.000000','eventValid','2022-12-04 23:49:18.000000','2020-12-04 23:49:22.000000',40,11),(557,'2020-12-04 23:48:51.000000','eventVisible','2022-12-04 23:49:18.000000','2020-12-04 23:49:22.000000',40,11),(558,'2020-12-04 23:48:51.000000','groupValid','2022-12-04 23:49:18.000000','2020-12-04 23:49:22.000000',40,11),(559,'2020-12-04 23:48:51.000000','eventValid','2022-12-04 23:49:18.000000','2020-12-04 23:49:22.000000',41,7),(560,'2020-12-04 23:48:51.000000','eventVisible','2022-12-04 23:49:18.000000','2020-12-04 23:49:22.000000',41,7),(561,'2020-12-04 23:48:51.000000','groupValid','2022-12-04 23:49:18.000000','2020-12-04 23:49:22.000000',41,7),(562,'2020-12-04 23:48:51.000000','eventValid','2022-12-04 23:49:18.000000','2020-12-04 23:49:22.000000',41,4),(563,'2020-12-04 23:48:51.000000','eventVisible','2022-12-04 23:49:18.000000','2020-12-04 23:49:22.000000',41,4),(564,'2020-12-04 23:48:51.000000','groupValid','2022-12-04 23:49:18.000000','2020-12-04 23:49:22.000000',41,4),(565,'2020-12-04 23:48:51.000000','eventValid','2022-12-04 23:49:18.000000','2020-12-04 23:49:22.000000',41,8),(566,'2020-12-04 23:48:51.000000','eventVisible','2022-12-04 23:49:18.000000','2020-12-04 23:49:22.000000',41,8),(567,'2020-12-04 23:48:51.000000','groupValid','2022-12-04 23:49:18.000000','2020-12-04 23:49:22.000000',41,8),(568,'2020-12-04 23:48:51.000000','eventValid','2022-12-04 23:49:18.000000','2020-12-04 23:49:22.000000',41,11),(569,'2020-12-04 23:48:51.000000','eventVisible','2022-12-04 23:49:18.000000','2020-12-04 23:49:22.000000',41,11),(570,'2020-12-04 23:48:51.000000','groupValid','2022-12-04 23:49:18.000000','2020-12-04 23:49:22.000000',41,11),(571,'2020-12-04 23:48:51.000000','eventValid','2022-12-04 23:49:18.000000','2020-12-04 23:49:22.000000',41,9),(572,'2020-12-04 23:48:51.000000','eventVisible','2022-12-04 23:49:18.000000','2020-12-04 23:49:22.000000',41,9),(573,'2020-12-04 23:48:51.000000','groupValid','2022-12-04 23:49:18.000000','2020-12-04 23:49:22.000000',41,9),(574,'2020-12-04 23:48:51.000000','eventValid','2022-12-04 23:49:18.000000','2020-12-04 23:49:22.000000',42,6),(575,'2020-12-04 23:48:51.000000','eventVisible','2022-12-04 23:49:18.000000','2020-12-04 23:49:22.000000',42,6),(576,'2020-12-04 23:48:51.000000','groupValid','2022-12-04 23:49:18.000000','2020-12-04 23:49:22.000000',42,6),(577,'2020-12-04 23:48:51.000000','eventValid','2022-12-04 23:49:18.000000','2020-12-04 23:49:22.000000',42,10),(578,'2020-12-04 23:48:51.000000','eventVisible','2022-12-04 23:49:18.000000','2020-12-04 23:49:22.000000',42,10),(579,'2020-12-04 23:48:51.000000','groupValid','2022-12-04 23:49:18.000000','2020-12-04 23:49:22.000000',42,10),(580,'2020-12-04 23:48:51.000000','eventValid','2022-12-04 23:49:18.000000','2020-12-04 23:49:22.000000',42,4),(581,'2020-12-04 23:48:51.000000','eventVisible','2022-12-04 23:49:18.000000','2020-12-04 23:49:22.000000',42,4),(582,'2020-12-04 23:48:51.000000','groupValid','2022-12-04 23:49:18.000000','2020-12-04 23:49:22.000000',42,4),(583,'2020-12-04 23:48:51.000000','eventValid','2022-12-04 23:49:18.000000','2020-12-04 23:49:22.000000',42,5),(584,'2020-12-04 23:48:51.000000','eventVisible','2022-12-04 23:49:18.000000','2020-12-04 23:49:22.000000',42,5),(585,'2020-12-04 23:48:51.000000','groupValid','2022-12-04 23:49:18.000000','2020-12-04 23:49:22.000000',42,5),(586,'2020-12-04 23:48:51.000000','eventValid','2022-12-04 23:49:18.000000','2020-12-04 23:49:22.000000',42,3),(587,'2020-12-04 23:48:51.000000','eventVisible','2022-12-04 23:49:18.000000','2020-12-04 23:49:22.000000',42,3),(588,'2020-12-04 23:48:51.000000','groupValid','2022-12-04 23:49:18.000000','2020-12-04 23:49:22.000000',42,3),(589,'2020-12-04 23:48:51.000000','eventValid','2022-12-04 23:49:18.000000','2020-12-04 23:49:22.000000',42,7),(590,'2020-12-04 23:48:51.000000','eventVisible','2022-12-04 23:49:18.000000','2020-12-04 23:49:22.000000',42,7),(591,'2020-12-04 23:48:51.000000','groupValid','2022-12-04 23:49:18.000000','2020-12-04 23:49:22.000000',42,7),(592,'2020-12-04 23:48:51.000000','eventValid','2022-12-04 23:49:18.000000','2020-12-04 23:49:22.000000',43,8),(593,'2020-12-04 23:48:51.000000','eventVisible','2022-12-04 23:49:18.000000','2020-12-04 23:49:22.000000',43,8),(594,'2020-12-04 23:48:51.000000','groupValid','2022-12-04 23:49:18.000000','2020-12-04 23:49:22.000000',43,8),(595,'2020-12-04 23:48:51.000000','eventValid','2022-12-04 23:49:18.000000','2020-12-04 23:49:22.000000',43,11),(596,'2020-12-04 23:48:51.000000','eventVisible','2022-12-04 23:49:18.000000','2020-12-04 23:49:22.000000',43,11),(597,'2020-12-04 23:48:51.000000','groupValid','2022-12-04 23:49:18.000000','2020-12-04 23:49:22.000000',43,11),(598,'2020-12-04 23:48:51.000000','eventValid','2022-12-04 23:49:18.000000','2020-12-04 23:49:22.000000',43,7),(599,'2020-12-04 23:48:51.000000','eventVisible','2022-12-04 23:49:18.000000','2020-12-04 23:49:22.000000',43,7),(600,'2020-12-04 23:48:51.000000','groupValid','2022-12-04 23:49:18.000000','2020-12-04 23:49:22.000000',43,7),(601,'2020-12-04 23:48:51.000000','eventValid','2022-12-04 23:49:18.000000','2020-12-04 23:49:22.000000',43,4),(602,'2020-12-04 23:48:51.000000','eventVisible','2022-12-04 23:49:18.000000','2020-12-04 23:49:22.000000',43,4),(603,'2020-12-04 23:48:51.000000','groupValid','2022-12-04 23:49:18.000000','2020-12-04 23:49:22.000000',43,4),(604,'2020-12-04 23:48:51.000000','eventValid','2022-12-04 23:49:18.000000','2020-12-04 23:49:22.000000',44,4),(605,'2020-12-04 23:48:51.000000','eventVisible','2022-12-04 23:49:18.000000','2020-12-04 23:49:22.000000',44,4),(606,'2020-12-04 23:48:51.000000','groupValid','2022-12-04 23:49:18.000000','2020-12-04 23:49:22.000000',44,4),(607,'2020-12-04 23:48:51.000000','eventValid','2022-12-04 23:49:18.000000','2020-12-04 23:49:22.000000',44,2),(608,'2020-12-04 23:48:51.000000','eventVisible','2022-12-04 23:49:18.000000','2020-12-04 23:49:22.000000',44,2),(609,'2020-12-04 23:48:51.000000','groupValid','2022-12-04 23:49:18.000000','2020-12-04 23:49:22.000000',44,2),(610,'2020-12-04 23:48:51.000000','eventValid','2022-12-04 23:49:18.000000','2020-12-04 23:49:22.000000',44,1),(611,'2020-12-04 23:48:51.000000','eventVisible','2022-12-04 23:49:18.000000','2020-12-04 23:49:22.000000',44,1),(612,'2020-12-04 23:48:51.000000','groupValid','2022-12-04 23:49:18.000000','2020-12-04 23:49:22.000000',44,1),(613,'2020-12-04 23:48:51.000000','eventValid','2022-12-04 23:49:18.000000','2020-12-04 23:49:22.000000',44,10),(614,'2020-12-04 23:48:51.000000','eventVisible','2022-12-04 23:49:18.000000','2020-12-04 23:49:22.000000',44,10),(615,'2020-12-04 23:48:51.000000','groupValid','2022-12-04 23:49:18.000000','2020-12-04 23:49:22.000000',44,10),(616,'2020-12-04 23:48:51.000000','eventValid','2022-12-04 23:49:18.000000','2020-12-04 23:49:22.000000',45,4),(617,'2020-12-04 23:48:51.000000','eventVisible','2022-12-04 23:49:18.000000','2020-12-04 23:49:22.000000',45,4),(618,'2020-12-04 23:48:51.000000','groupValid','2022-12-04 23:49:18.000000','2020-12-04 23:49:22.000000',45,4),(619,'2020-12-04 23:48:51.000000','eventValid','2022-12-04 23:49:18.000000','2020-12-04 23:49:22.000000',45,2),(620,'2020-12-04 23:48:51.000000','eventVisible','2022-12-04 23:49:18.000000','2020-12-04 23:49:22.000000',45,2),(621,'2020-12-04 23:48:51.000000','groupValid','2022-12-04 23:49:18.000000','2020-12-04 23:49:22.000000',45,2),(622,'2020-12-04 23:48:51.000000','eventValid','2022-12-04 23:49:18.000000','2020-12-04 23:49:22.000000',45,9),(623,'2020-12-04 23:48:51.000000','eventVisible','2022-12-04 23:49:18.000000','2020-12-04 23:49:22.000000',45,9),(624,'2020-12-04 23:48:51.000000','groupValid','2022-12-04 23:49:18.000000','2020-12-04 23:49:22.000000',45,9),(625,'2020-12-04 23:48:51.000000','eventValid','2022-12-04 23:49:18.000000','2020-12-04 23:49:22.000000',45,11),(626,'2020-12-04 23:48:51.000000','eventVisible','2022-12-04 23:49:18.000000','2020-12-04 23:49:22.000000',45,11),(627,'2020-12-04 23:48:51.000000','groupValid','2022-12-04 23:49:18.000000','2020-12-04 23:49:22.000000',45,11),(628,'2020-12-04 23:48:51.000000','eventValid','2022-12-04 23:49:18.000000','2020-12-04 23:49:22.000000',46,9),(629,'2020-12-04 23:48:51.000000','eventVisible','2022-12-04 23:49:18.000000','2020-12-04 23:49:22.000000',46,9),(630,'2020-12-04 23:48:51.000000','groupValid','2022-12-04 23:49:18.000000','2020-12-04 23:49:22.000000',46,9),(631,'2020-12-04 23:48:51.000000','eventValid','2022-12-04 23:49:18.000000','2020-12-04 23:49:22.000000',46,3),(632,'2020-12-04 23:48:51.000000','eventVisible','2022-12-04 23:49:18.000000','2020-12-04 23:49:22.000000',46,3),(633,'2020-12-04 23:48:51.000000','groupValid','2022-12-04 23:49:18.000000','2020-12-04 23:49:22.000000',46,3),(634,'2020-12-04 23:48:51.000000','eventValid','2022-12-04 23:49:18.000000','2020-12-04 23:49:22.000000',46,1),(635,'2020-12-04 23:48:51.000000','eventVisible','2022-12-04 23:49:18.000000','2020-12-04 23:49:22.000000',46,1),(636,'2020-12-04 23:48:51.000000','groupValid','2022-12-04 23:49:18.000000','2020-12-04 23:49:22.000000',46,1),(637,'2020-12-04 23:48:51.000000','eventValid','2022-12-04 23:49:18.000000','2020-12-04 23:49:22.000000',47,5),(638,'2020-12-04 23:48:51.000000','eventVisible','2022-12-04 23:49:18.000000','2020-12-04 23:49:22.000000',47,5),(639,'2020-12-04 23:48:51.000000','groupValid','2022-12-04 23:49:18.000000','2020-12-04 23:49:22.000000',47,5),(640,'2020-12-04 23:48:51.000000','eventValid','2022-12-04 23:49:18.000000','2020-12-04 23:49:22.000000',47,7),(641,'2020-12-04 23:48:51.000000','eventVisible','2022-12-04 23:49:18.000000','2020-12-04 23:49:22.000000',47,7),(642,'2020-12-04 23:48:51.000000','groupValid','2022-12-04 23:49:18.000000','2020-12-04 23:49:22.000000',47,7),(643,'2020-12-04 23:48:51.000000','eventValid','2022-12-04 23:49:18.000000','2020-12-04 23:49:22.000000',47,9),(644,'2020-12-04 23:48:51.000000','eventVisible','2022-12-04 23:49:18.000000','2020-12-04 23:49:22.000000',47,9),(645,'2020-12-04 23:48:51.000000','groupValid','2022-12-04 23:49:18.000000','2020-12-04 23:49:22.000000',47,9),(646,'2020-12-04 23:48:51.000000','eventValid','2022-12-04 23:49:18.000000','2020-12-04 23:49:22.000000',47,2),(647,'2020-12-04 23:48:51.000000','eventVisible','2022-12-04 23:49:18.000000','2020-12-04 23:49:22.000000',47,2),(648,'2020-12-04 23:48:51.000000','groupValid','2022-12-04 23:49:18.000000','2020-12-04 23:49:22.000000',47,2),(649,'2020-12-04 23:48:51.000000','eventValid','2022-12-04 23:49:18.000000','2020-12-04 23:49:22.000000',48,9),(650,'2020-12-04 23:48:51.000000','eventVisible','2022-12-04 23:49:18.000000','2020-12-04 23:49:22.000000',48,9),(651,'2020-12-04 23:48:51.000000','groupValid','2022-12-04 23:49:18.000000','2020-12-04 23:49:22.000000',48,9),(652,'2020-12-04 23:48:51.000000','eventValid','2022-12-04 23:49:18.000000','2020-12-04 23:49:22.000000',48,4),(653,'2020-12-04 23:48:51.000000','eventVisible','2022-12-04 23:49:18.000000','2020-12-04 23:49:22.000000',48,4),(654,'2020-12-04 23:48:51.000000','groupValid','2022-12-04 23:49:18.000000','2020-12-04 23:49:22.000000',48,4),(655,'2020-12-04 23:48:51.000000','eventValid','2022-12-04 23:49:18.000000','2020-12-04 23:49:22.000000',48,5),(656,'2020-12-04 23:48:51.000000','eventVisible','2022-12-04 23:49:18.000000','2020-12-04 23:49:22.000000',48,5),(657,'2020-12-04 23:48:51.000000','groupValid','2022-12-04 23:49:18.000000','2020-12-04 23:49:22.000000',48,5),(658,'2020-12-04 23:48:51.000000','eventValid','2022-12-04 23:49:18.000000','2020-12-04 23:49:22.000000',48,11),(659,'2020-12-04 23:48:51.000000','eventVisible','2022-12-04 23:49:18.000000','2020-12-04 23:49:22.000000',48,11),(660,'2020-12-04 23:48:51.000000','groupValid','2022-12-04 23:49:18.000000','2020-12-04 23:49:22.000000',48,11),(661,'2020-12-04 23:48:51.000000','eventValid','2022-12-04 23:49:18.000000','2020-12-04 23:49:22.000000',49,7),(662,'2020-12-04 23:48:51.000000','eventVisible','2022-12-04 23:49:18.000000','2020-12-04 23:49:22.000000',49,7),(663,'2020-12-04 23:48:51.000000','groupValid','2022-12-04 23:49:18.000000','2020-12-04 23:49:22.000000',49,7),(664,'2020-12-04 23:48:51.000000','eventValid','2022-12-04 23:49:18.000000','2020-12-04 23:49:22.000000',49,10),(665,'2020-12-04 23:48:51.000000','eventVisible','2022-12-04 23:49:18.000000','2020-12-04 23:49:22.000000',49,10),(666,'2020-12-04 23:48:51.000000','groupValid','2022-12-04 23:49:18.000000','2020-12-04 23:49:22.000000',49,10),(667,'2020-12-04 23:48:51.000000','eventValid','2022-12-04 23:49:18.000000','2020-12-04 23:49:22.000000',49,8),(668,'2020-12-04 23:48:51.000000','eventVisible','2022-12-04 23:49:18.000000','2020-12-04 23:49:22.000000',49,8),(669,'2020-12-04 23:48:51.000000','groupValid','2022-12-04 23:49:18.000000','2020-12-04 23:49:22.000000',49,8),(670,'2020-12-04 23:48:51.000000','eventValid','2022-12-04 23:49:18.000000','2020-12-04 23:49:22.000000',49,9),(671,'2020-12-04 23:48:51.000000','eventVisible','2022-12-04 23:49:18.000000','2020-12-04 23:49:22.000000',49,9),(672,'2020-12-04 23:48:51.000000','groupValid','2022-12-04 23:49:18.000000','2020-12-04 23:49:22.000000',49,9),(673,'2020-12-04 23:48:51.000000','eventValid','2022-12-04 23:49:18.000000','2020-12-04 23:49:22.000000',49,3),(674,'2020-12-04 23:48:51.000000','eventVisible','2022-12-04 23:49:18.000000','2020-12-04 23:49:22.000000',49,3),(675,'2020-12-04 23:48:51.000000','groupValid','2022-12-04 23:49:18.000000','2020-12-04 23:49:22.000000',49,3),(676,'2020-12-04 23:48:51.000000','eventValid','2022-12-04 23:49:18.000000','2020-12-04 23:49:22.000000',50,5),(677,'2020-12-04 23:48:51.000000','eventVisible','2022-12-04 23:49:18.000000','2020-12-04 23:49:22.000000',50,5),(678,'2020-12-04 23:48:51.000000','groupValid','2022-12-04 23:49:18.000000','2020-12-04 23:49:22.000000',50,5),(679,'2020-12-04 23:48:51.000000','eventValid','2022-12-04 23:49:18.000000','2020-12-04 23:49:22.000000',50,3),(680,'2020-12-04 23:48:51.000000','eventVisible','2022-12-04 23:49:18.000000','2020-12-04 23:49:22.000000',50,3),(681,'2020-12-04 23:48:51.000000','groupValid','2022-12-04 23:49:18.000000','2020-12-04 23:49:22.000000',50,3),(682,'2020-12-04 23:48:51.000000','eventValid','2022-12-04 23:49:18.000000','2020-12-04 23:49:22.000000',50,9),(683,'2020-12-04 23:48:51.000000','eventVisible','2022-12-04 23:49:18.000000','2020-12-04 23:49:22.000000',50,9),(684,'2020-12-04 23:48:51.000000','groupValid','2022-12-04 23:49:18.000000','2020-12-04 23:49:22.000000',50,9),(685,'2020-12-04 23:48:51.000000','eventValid','2022-12-04 23:49:18.000000','2020-12-04 23:49:22.000000',50,10),(686,'2020-12-04 23:48:51.000000','eventVisible','2022-12-04 23:49:18.000000','2020-12-04 23:49:22.000000',50,10),(687,'2020-12-04 23:48:51.000000','groupValid','2022-12-04 23:49:18.000000','2020-12-04 23:49:22.000000',50,10),(688,'2020-12-04 23:48:51.000000','eventValid','2022-12-04 23:49:18.000000','2020-12-04 23:49:22.000000',51,5),(689,'2020-12-04 23:48:51.000000','eventVisible','2022-12-04 23:49:18.000000','2020-12-04 23:49:22.000000',51,5),(690,'2020-12-04 23:48:51.000000','groupValid','2022-12-04 23:49:18.000000','2020-12-04 23:49:22.000000',51,5),(691,'2020-12-04 23:48:51.000000','eventValid','2022-12-04 23:49:18.000000','2020-12-04 23:49:22.000000',51,1),(692,'2020-12-04 23:48:51.000000','eventVisible','2022-12-04 23:49:18.000000','2020-12-04 23:49:22.000000',51,1),(693,'2020-12-04 23:48:51.000000','groupValid','2022-12-04 23:49:18.000000','2020-12-04 23:49:22.000000',51,1),(694,'2020-12-04 23:48:51.000000','eventValid','2022-12-04 23:49:18.000000','2020-12-04 23:49:22.000000',51,4),(695,'2020-12-04 23:48:51.000000','eventVisible','2022-12-04 23:49:18.000000','2020-12-04 23:49:22.000000',51,4),(696,'2020-12-04 23:48:51.000000','groupValid','2022-12-04 23:49:18.000000','2020-12-04 23:49:22.000000',51,4),(697,'2020-12-04 23:48:51.000000','eventValid','2022-12-04 23:49:18.000000','2020-12-04 23:49:22.000000',52,1),(698,'2020-12-04 23:48:51.000000','eventVisible','2022-12-04 23:49:18.000000','2020-12-04 23:49:22.000000',52,1),(699,'2020-12-04 23:48:51.000000','groupValid','2022-12-04 23:49:18.000000','2020-12-04 23:49:22.000000',52,1),(700,'2020-12-04 23:48:51.000000','eventValid','2022-12-04 23:49:18.000000','2020-12-04 23:49:22.000000',52,10),(701,'2020-12-04 23:48:51.000000','eventVisible','2022-12-04 23:49:18.000000','2020-12-04 23:49:22.000000',52,10),(702,'2020-12-04 23:48:51.000000','groupValid','2022-12-04 23:49:18.000000','2020-12-04 23:49:22.000000',52,10),(703,'2020-12-04 23:48:51.000000','eventValid','2022-12-04 23:49:18.000000','2020-12-04 23:49:22.000000',52,3),(704,'2020-12-04 23:48:51.000000','eventVisible','2022-12-04 23:49:18.000000','2020-12-04 23:49:22.000000',52,3),(705,'2020-12-04 23:48:51.000000','groupValid','2022-12-04 23:49:18.000000','2020-12-04 23:49:22.000000',52,3),(706,'2020-12-04 23:48:51.000000','eventValid','2022-12-04 23:49:18.000000','2020-12-04 23:49:22.000000',53,3),(707,'2020-12-04 23:48:51.000000','eventVisible','2022-12-04 23:49:18.000000','2020-12-04 23:49:22.000000',53,3),(708,'2020-12-04 23:48:51.000000','groupValid','2022-12-04 23:49:18.000000','2020-12-04 23:49:22.000000',53,3),(709,'2020-12-04 23:48:51.000000','eventValid','2022-12-04 23:49:18.000000','2020-12-04 23:49:22.000000',53,1),(710,'2020-12-04 23:48:51.000000','eventVisible','2022-12-04 23:49:18.000000','2020-12-04 23:49:22.000000',53,1),(711,'2020-12-04 23:48:51.000000','groupValid','2022-12-04 23:49:18.000000','2020-12-04 23:49:22.000000',53,1),(712,'2020-12-04 23:48:51.000000','eventValid','2022-12-04 23:49:18.000000','2020-12-04 23:49:22.000000',53,4),(713,'2020-12-04 23:48:51.000000','eventVisible','2022-12-04 23:49:18.000000','2020-12-04 23:49:22.000000',53,4),(714,'2020-12-04 23:48:51.000000','groupValid','2022-12-04 23:49:18.000000','2020-12-04 23:49:22.000000',53,4),(715,'2020-12-04 23:48:51.000000','eventValid','2022-12-04 23:49:18.000000','2020-12-04 23:49:22.000000',53,2),(716,'2020-12-04 23:48:51.000000','eventVisible','2022-12-04 23:49:18.000000','2020-12-04 23:49:22.000000',53,2),(717,'2020-12-04 23:48:51.000000','groupValid','2022-12-04 23:49:18.000000','2020-12-04 23:49:22.000000',53,2),(718,'2020-12-04 23:48:51.000000','eventValid','2022-12-04 23:49:18.000000','2020-12-04 23:49:22.000000',53,5),(719,'2020-12-04 23:48:51.000000','eventVisible','2022-12-04 23:49:18.000000','2020-12-04 23:49:22.000000',53,5),(720,'2020-12-04 23:48:51.000000','groupValid','2022-12-04 23:49:18.000000','2020-12-04 23:49:22.000000',53,5),(721,'2020-12-04 23:48:51.000000','eventValid','2022-12-04 23:49:18.000000','2020-12-04 23:49:22.000000',54,5),(722,'2020-12-04 23:48:51.000000','eventVisible','2022-12-04 23:49:18.000000','2020-12-04 23:49:22.000000',54,5),(723,'2020-12-04 23:48:51.000000','groupValid','2022-12-04 23:49:18.000000','2020-12-04 23:49:22.000000',54,5),(724,'2020-12-04 23:48:51.000000','eventValid','2022-12-04 23:49:18.000000','2020-12-04 23:49:22.000000',54,10),(725,'2020-12-04 23:48:51.000000','eventVisible','2022-12-04 23:49:18.000000','2020-12-04 23:49:22.000000',54,10),(726,'2020-12-04 23:48:51.000000','groupValid','2022-12-04 23:49:18.000000','2020-12-04 23:49:22.000000',54,10),(727,'2020-12-04 23:48:51.000000','eventValid','2022-12-04 23:49:18.000000','2020-12-04 23:49:22.000000',54,2),(728,'2020-12-04 23:48:51.000000','eventVisible','2022-12-04 23:49:18.000000','2020-12-04 23:49:22.000000',54,2),(729,'2020-12-04 23:48:51.000000','groupValid','2022-12-04 23:49:18.000000','2020-12-04 23:49:22.000000',54,2),(730,'2020-12-04 23:48:51.000000','eventValid','2022-12-04 23:49:18.000000','2020-12-04 23:49:22.000000',54,6),(731,'2020-12-04 23:48:51.000000','eventVisible','2022-12-04 23:49:18.000000','2020-12-04 23:49:22.000000',54,6),(732,'2020-12-04 23:48:51.000000','groupValid','2022-12-04 23:49:18.000000','2020-12-04 23:49:22.000000',54,6),(733,'2020-12-04 23:48:51.000000','eventValid','2022-12-04 23:49:18.000000','2020-12-04 23:49:22.000000',55,11),(734,'2020-12-04 23:48:51.000000','eventVisible','2022-12-04 23:49:18.000000','2020-12-04 23:49:22.000000',55,11),(735,'2020-12-04 23:48:51.000000','groupValid','2022-12-04 23:49:18.000000','2020-12-04 23:49:22.000000',55,11),(736,'2020-12-04 23:48:51.000000','eventValid','2022-12-04 23:49:18.000000','2020-12-04 23:49:22.000000',55,5),(737,'2020-12-04 23:48:51.000000','eventVisible','2022-12-04 23:49:18.000000','2020-12-04 23:49:22.000000',55,5),(738,'2020-12-04 23:48:51.000000','groupValid','2022-12-04 23:49:18.000000','2020-12-04 23:49:22.000000',55,5),(739,'2020-12-04 23:48:51.000000','eventValid','2022-12-04 23:49:18.000000','2020-12-04 23:49:22.000000',55,1),(740,'2020-12-04 23:48:51.000000','eventVisible','2022-12-04 23:49:18.000000','2020-12-04 23:49:22.000000',55,1),(741,'2020-12-04 23:48:51.000000','groupValid','2022-12-04 23:49:18.000000','2020-12-04 23:49:22.000000',55,1),(742,'2020-12-04 23:48:51.000000','eventValid','2022-12-04 23:49:18.000000','2020-12-04 23:49:22.000000',55,6),(743,'2020-12-04 23:48:51.000000','eventVisible','2022-12-04 23:49:18.000000','2020-12-04 23:49:22.000000',55,6),(744,'2020-12-04 23:48:51.000000','groupValid','2022-12-04 23:49:18.000000','2020-12-04 23:49:22.000000',55,6),(745,'2020-12-04 23:48:51.000000','eventValid','2022-12-04 23:49:18.000000','2020-12-04 23:49:22.000000',56,8),(746,'2020-12-04 23:48:51.000000','eventVisible','2022-12-04 23:49:18.000000','2020-12-04 23:49:22.000000',56,8),(747,'2020-12-04 23:48:51.000000','groupValid','2022-12-04 23:49:18.000000','2020-12-04 23:49:22.000000',56,8),(748,'2020-12-04 23:48:51.000000','eventValid','2022-12-04 23:49:18.000000','2020-12-04 23:49:22.000000',56,5),(749,'2020-12-04 23:48:51.000000','eventVisible','2022-12-04 23:49:18.000000','2020-12-04 23:49:22.000000',56,5),(750,'2020-12-04 23:48:51.000000','groupValid','2022-12-04 23:49:18.000000','2020-12-04 23:49:22.000000',56,5),(751,'2020-12-04 23:48:51.000000','eventValid','2022-12-04 23:49:18.000000','2020-12-04 23:49:22.000000',56,7),(752,'2020-12-04 23:48:51.000000','eventVisible','2022-12-04 23:49:18.000000','2020-12-04 23:49:22.000000',56,7),(753,'2020-12-04 23:48:51.000000','groupValid','2022-12-04 23:49:18.000000','2020-12-04 23:49:22.000000',56,7),(754,'2020-12-04 23:48:51.000000','eventValid','2022-12-04 23:49:18.000000','2020-12-04 23:49:22.000000',56,11),(755,'2020-12-04 23:48:51.000000','eventVisible','2022-12-04 23:49:18.000000','2020-12-04 23:49:22.000000',56,11),(756,'2020-12-04 23:48:51.000000','groupValid','2022-12-04 23:49:18.000000','2020-12-04 23:49:22.000000',56,11),(757,'2020-12-04 23:48:51.000000','eventValid','2022-12-04 23:49:18.000000','2020-12-04 23:49:22.000000',56,1),(758,'2020-12-04 23:48:51.000000','eventVisible','2022-12-04 23:49:18.000000','2020-12-04 23:49:22.000000',56,1),(759,'2020-12-04 23:48:51.000000','groupValid','2022-12-04 23:49:18.000000','2020-12-04 23:49:22.000000',56,1),(760,'2020-12-04 23:48:51.000000','eventValid','2022-12-04 23:49:18.000000','2020-12-04 23:49:22.000000',56,4),(761,'2020-12-04 23:48:51.000000','eventVisible','2022-12-04 23:49:18.000000','2020-12-04 23:49:22.000000',56,4),(762,'2020-12-04 23:48:51.000000','groupValid','2022-12-04 23:49:18.000000','2020-12-04 23:49:22.000000',56,4),(763,'2020-12-04 23:48:51.000000','eventValid','2022-12-04 23:49:18.000000','2020-12-04 23:49:22.000000',57,6),(764,'2020-12-04 23:48:51.000000','eventVisible','2022-12-04 23:49:18.000000','2020-12-04 23:49:22.000000',57,6),(765,'2020-12-04 23:48:51.000000','groupValid','2022-12-04 23:49:18.000000','2020-12-04 23:49:22.000000',57,6),(766,'2020-12-04 23:48:51.000000','eventValid','2022-12-04 23:49:18.000000','2020-12-04 23:49:22.000000',57,8),(767,'2020-12-04 23:48:51.000000','eventVisible','2022-12-04 23:49:18.000000','2020-12-04 23:49:22.000000',57,8),(768,'2020-12-04 23:48:51.000000','groupValid','2022-12-04 23:49:18.000000','2020-12-04 23:49:22.000000',57,8),(769,'2020-12-04 23:48:51.000000','eventValid','2022-12-04 23:49:18.000000','2020-12-04 23:49:22.000000',57,7),(770,'2020-12-04 23:48:51.000000','eventVisible','2022-12-04 23:49:18.000000','2020-12-04 23:49:22.000000',57,7),(771,'2020-12-04 23:48:51.000000','groupValid','2022-12-04 23:49:18.000000','2020-12-04 23:49:22.000000',57,7),(772,'2020-12-04 23:48:51.000000','eventValid','2022-12-04 23:49:18.000000','2020-12-04 23:49:22.000000',57,9),(773,'2020-12-04 23:48:51.000000','eventVisible','2022-12-04 23:49:18.000000','2020-12-04 23:49:22.000000',57,9),(774,'2020-12-04 23:48:51.000000','groupValid','2022-12-04 23:49:18.000000','2020-12-04 23:49:22.000000',57,9),(775,'2020-12-04 23:48:51.000000','eventValid','2022-12-04 23:49:18.000000','2020-12-04 23:49:22.000000',58,7),(776,'2020-12-04 23:48:51.000000','eventVisible','2022-12-04 23:49:18.000000','2020-12-04 23:49:22.000000',58,7),(777,'2020-12-04 23:48:51.000000','groupValid','2022-12-04 23:49:18.000000','2020-12-04 23:49:22.000000',58,7),(778,'2020-12-04 23:48:51.000000','eventValid','2022-12-04 23:49:18.000000','2020-12-04 23:49:22.000000',58,11),(779,'2020-12-04 23:48:51.000000','eventVisible','2022-12-04 23:49:18.000000','2020-12-04 23:49:22.000000',58,11),(780,'2020-12-04 23:48:51.000000','groupValid','2022-12-04 23:49:18.000000','2020-12-04 23:49:22.000000',58,11),(781,'2020-12-04 23:48:51.000000','eventValid','2022-12-04 23:49:18.000000','2020-12-04 23:49:22.000000',58,5),(782,'2020-12-04 23:48:51.000000','eventVisible','2022-12-04 23:49:18.000000','2020-12-04 23:49:22.000000',58,5),(783,'2020-12-04 23:48:51.000000','groupValid','2022-12-04 23:49:18.000000','2020-12-04 23:49:22.000000',58,5),(784,'2020-12-04 23:48:51.000000','eventValid','2022-12-04 23:49:18.000000','2020-12-04 23:49:22.000000',58,6),(785,'2020-12-04 23:48:51.000000','eventVisible','2022-12-04 23:49:18.000000','2020-12-04 23:49:22.000000',58,6),(786,'2020-12-04 23:48:51.000000','groupValid','2022-12-04 23:49:18.000000','2020-12-04 23:49:22.000000',58,6),(787,'2020-12-04 23:48:51.000000','eventValid','2022-12-04 23:49:18.000000','2020-12-04 23:49:22.000000',59,1),(788,'2020-12-04 23:48:51.000000','eventVisible','2022-12-04 23:49:18.000000','2020-12-04 23:49:22.000000',59,1),(789,'2020-12-04 23:48:51.000000','groupValid','2022-12-04 23:49:18.000000','2020-12-04 23:49:22.000000',59,1),(790,'2020-12-04 23:48:51.000000','eventValid','2022-12-04 23:49:18.000000','2020-12-04 23:49:22.000000',59,6),(791,'2020-12-04 23:48:51.000000','eventVisible','2022-12-04 23:49:18.000000','2020-12-04 23:49:22.000000',59,6),(792,'2020-12-04 23:48:51.000000','groupValid','2022-12-04 23:49:18.000000','2020-12-04 23:49:22.000000',59,6),(793,'2020-12-04 23:48:51.000000','eventValid','2022-12-04 23:49:18.000000','2020-12-04 23:49:22.000000',59,2),(794,'2020-12-04 23:48:51.000000','eventVisible','2022-12-04 23:49:18.000000','2020-12-04 23:49:22.000000',59,2),(795,'2020-12-04 23:48:51.000000','groupValid','2022-12-04 23:49:18.000000','2020-12-04 23:49:22.000000',59,2),(796,'2020-12-04 23:48:51.000000','eventValid','2022-12-04 23:49:18.000000','2020-12-04 23:49:22.000000',59,4),(797,'2020-12-04 23:48:51.000000','eventVisible','2022-12-04 23:49:18.000000','2020-12-04 23:49:22.000000',59,4),(798,'2020-12-04 23:48:51.000000','groupValid','2022-12-04 23:49:18.000000','2020-12-04 23:49:22.000000',59,4),(799,'2020-12-04 23:48:51.000000','eventValid','2022-12-04 23:49:18.000000','2020-12-04 23:49:22.000000',60,6),(800,'2020-12-04 23:48:51.000000','eventVisible','2022-12-04 23:49:18.000000','2020-12-04 23:49:22.000000',60,6),(801,'2020-12-04 23:48:51.000000','groupValid','2022-12-04 23:49:18.000000','2020-12-04 23:49:22.000000',60,6),(802,'2020-12-04 23:48:51.000000','eventValid','2022-12-04 23:49:18.000000','2020-12-04 23:49:22.000000',60,3),(803,'2020-12-04 23:48:51.000000','eventVisible','2022-12-04 23:49:18.000000','2020-12-04 23:49:22.000000',60,3),(804,'2020-12-04 23:48:51.000000','groupValid','2022-12-04 23:49:18.000000','2020-12-04 23:49:22.000000',60,3),(805,'2020-12-04 23:48:51.000000','eventValid','2022-12-04 23:49:18.000000','2020-12-04 23:49:22.000000',60,9),(806,'2020-12-04 23:48:51.000000','eventVisible','2022-12-04 23:49:18.000000','2020-12-04 23:49:22.000000',60,9),(807,'2020-12-04 23:48:51.000000','groupValid','2022-12-04 23:49:18.000000','2020-12-04 23:49:22.000000',60,9),(808,'2020-12-04 23:48:51.000000','eventValid','2022-12-04 23:49:18.000000','2020-12-04 23:49:22.000000',60,11),(809,'2020-12-04 23:48:51.000000','eventVisible','2022-12-04 23:49:18.000000','2020-12-04 23:49:22.000000',60,11),(810,'2020-12-04 23:48:51.000000','groupValid','2022-12-04 23:49:18.000000','2020-12-04 23:49:22.000000',60,11),(811,'2020-12-04 23:48:51.000000','eventValid','2022-12-04 23:49:18.000000','2020-12-04 23:49:22.000000',61,9),(812,'2020-12-04 23:48:51.000000','eventVisible','2022-12-04 23:49:18.000000','2020-12-04 23:49:22.000000',61,9),(813,'2020-12-04 23:48:51.000000','groupValid','2022-12-04 23:49:18.000000','2020-12-04 23:49:22.000000',61,9),(814,'2020-12-04 23:48:51.000000','eventValid','2022-12-04 23:49:18.000000','2020-12-04 23:49:22.000000',61,7),(815,'2020-12-04 23:48:51.000000','eventVisible','2022-12-04 23:49:18.000000','2020-12-04 23:49:22.000000',61,7),(816,'2020-12-04 23:48:51.000000','groupValid','2022-12-04 23:49:18.000000','2020-12-04 23:49:22.000000',61,7),(817,'2020-12-04 23:48:51.000000','eventValid','2022-12-04 23:49:18.000000','2020-12-04 23:49:22.000000',61,11),(818,'2020-12-04 23:48:51.000000','eventVisible','2022-12-04 23:49:18.000000','2020-12-04 23:49:22.000000',61,11),(819,'2020-12-04 23:48:51.000000','groupValid','2022-12-04 23:49:18.000000','2020-12-04 23:49:22.000000',61,11),(820,'2020-12-04 23:48:51.000000','eventValid','2022-12-04 23:49:18.000000','2020-12-04 23:49:22.000000',61,3),(821,'2020-12-04 23:48:51.000000','eventVisible','2022-12-04 23:49:18.000000','2020-12-04 23:49:22.000000',61,3),(822,'2020-12-04 23:48:51.000000','groupValid','2022-12-04 23:49:18.000000','2020-12-04 23:49:22.000000',61,3),(823,'2020-12-04 23:48:51.000000','eventValid','2022-12-04 23:49:18.000000','2020-12-04 23:49:22.000000',61,8),(824,'2020-12-04 23:48:51.000000','eventVisible','2022-12-04 23:49:18.000000','2020-12-04 23:49:22.000000',61,8),(825,'2020-12-04 23:48:51.000000','groupValid','2022-12-04 23:49:18.000000','2020-12-04 23:49:22.000000',61,8),(826,'2020-12-04 23:48:51.000000','eventValid','2022-12-04 23:49:18.000000','2020-12-04 23:49:22.000000',62,3),(827,'2020-12-04 23:48:51.000000','eventVisible','2022-12-04 23:49:18.000000','2020-12-04 23:49:22.000000',62,3),(828,'2020-12-04 23:48:51.000000','groupValid','2022-12-04 23:49:18.000000','2020-12-04 23:49:22.000000',62,3),(829,'2020-12-04 23:48:51.000000','eventValid','2022-12-04 23:49:18.000000','2020-12-04 23:49:22.000000',62,8),(830,'2020-12-04 23:48:51.000000','eventVisible','2022-12-04 23:49:18.000000','2020-12-04 23:49:22.000000',62,8),(831,'2020-12-04 23:48:51.000000','groupValid','2022-12-04 23:49:18.000000','2020-12-04 23:49:22.000000',62,8),(832,'2020-12-04 23:48:51.000000','eventValid','2022-12-04 23:49:18.000000','2020-12-04 23:49:22.000000',62,6),(833,'2020-12-04 23:48:51.000000','eventVisible','2022-12-04 23:49:18.000000','2020-12-04 23:49:22.000000',62,6),(834,'2020-12-04 23:48:51.000000','groupValid','2022-12-04 23:49:18.000000','2020-12-04 23:49:22.000000',62,6),(835,'2020-12-04 23:48:51.000000','eventValid','2022-12-04 23:49:18.000000','2020-12-04 23:49:22.000000',63,4),(836,'2020-12-04 23:48:51.000000','eventVisible','2022-12-04 23:49:18.000000','2020-12-04 23:49:22.000000',63,4),(837,'2020-12-04 23:48:51.000000','groupValid','2022-12-04 23:49:18.000000','2020-12-04 23:49:22.000000',63,4),(838,'2020-12-04 23:48:51.000000','eventValid','2022-12-04 23:49:18.000000','2020-12-04 23:49:22.000000',63,2),(839,'2020-12-04 23:48:51.000000','eventVisible','2022-12-04 23:49:18.000000','2020-12-04 23:49:22.000000',63,2),(840,'2020-12-04 23:48:51.000000','groupValid','2022-12-04 23:49:18.000000','2020-12-04 23:49:22.000000',63,2),(841,'2020-12-04 23:48:51.000000','eventValid','2022-12-04 23:49:18.000000','2020-12-04 23:49:22.000000',63,11),(842,'2020-12-04 23:48:51.000000','eventVisible','2022-12-04 23:49:18.000000','2020-12-04 23:49:22.000000',63,11),(843,'2020-12-04 23:48:51.000000','groupValid','2022-12-04 23:49:18.000000','2020-12-04 23:49:22.000000',63,11),(844,'2020-12-04 23:48:51.000000','eventValid','2022-12-04 23:49:18.000000','2020-12-04 23:49:22.000000',63,8),(845,'2020-12-04 23:48:51.000000','eventVisible','2022-12-04 23:49:18.000000','2020-12-04 23:49:22.000000',63,8),(846,'2020-12-04 23:48:51.000000','groupValid','2022-12-04 23:49:18.000000','2020-12-04 23:49:22.000000',63,8),(847,'2020-12-04 23:48:51.000000','eventValid','2022-12-04 23:49:18.000000','2020-12-04 23:49:22.000000',63,10),(848,'2020-12-04 23:48:51.000000','eventVisible','2022-12-04 23:49:18.000000','2020-12-04 23:49:22.000000',63,10),(849,'2020-12-04 23:48:51.000000','groupValid','2022-12-04 23:49:18.000000','2020-12-04 23:49:22.000000',63,10),(850,'2020-12-04 23:48:51.000000','eventValid','2022-12-04 23:49:18.000000','2020-12-04 23:49:22.000000',64,7),(851,'2020-12-04 23:48:51.000000','eventVisible','2022-12-04 23:49:18.000000','2020-12-04 23:49:22.000000',64,7),(852,'2020-12-04 23:48:51.000000','groupValid','2022-12-04 23:49:18.000000','2020-12-04 23:49:22.000000',64,7),(853,'2020-12-04 23:48:51.000000','eventValid','2022-12-04 23:49:18.000000','2020-12-04 23:49:22.000000',64,11),(854,'2020-12-04 23:48:51.000000','eventVisible','2022-12-04 23:49:18.000000','2020-12-04 23:49:22.000000',64,11),(855,'2020-12-04 23:48:51.000000','groupValid','2022-12-04 23:49:18.000000','2020-12-04 23:49:22.000000',64,11),(856,'2020-12-04 23:48:51.000000','eventValid','2022-12-04 23:49:18.000000','2020-12-04 23:49:22.000000',64,5),(857,'2020-12-04 23:48:51.000000','eventVisible','2022-12-04 23:49:18.000000','2020-12-04 23:49:22.000000',64,5),(858,'2020-12-04 23:48:51.000000','groupValid','2022-12-04 23:49:18.000000','2020-12-04 23:49:22.000000',64,5),(859,'2020-12-04 23:48:51.000000','eventValid','2022-12-04 23:49:18.000000','2020-12-04 23:49:22.000000',64,4),(860,'2020-12-04 23:48:51.000000','eventVisible','2022-12-04 23:49:18.000000','2020-12-04 23:49:22.000000',64,4),(861,'2020-12-04 23:48:51.000000','groupValid','2022-12-04 23:49:18.000000','2020-12-04 23:49:22.000000',64,4),(862,'2020-12-04 23:48:51.000000','eventValid','2022-12-04 23:49:18.000000','2020-12-04 23:49:22.000000',64,8),(863,'2020-12-04 23:48:51.000000','eventVisible','2022-12-04 23:49:18.000000','2020-12-04 23:49:22.000000',64,8),(864,'2020-12-04 23:48:51.000000','groupValid','2022-12-04 23:49:18.000000','2020-12-04 23:49:22.000000',64,8),(865,'2020-12-04 23:48:51.000000','eventValid','2022-12-04 23:49:18.000000','2020-12-04 23:49:22.000000',64,10),(866,'2020-12-04 23:48:51.000000','eventVisible','2022-12-04 23:49:18.000000','2020-12-04 23:49:22.000000',64,10),(867,'2020-12-04 23:48:51.000000','groupValid','2022-12-04 23:49:18.000000','2020-12-04 23:49:22.000000',64,10),(868,'2020-12-04 23:48:51.000000','eventValid','2022-12-04 23:49:18.000000','2020-12-04 23:49:22.000000',65,5),(869,'2020-12-04 23:48:51.000000','eventVisible','2022-12-04 23:49:18.000000','2020-12-04 23:49:22.000000',65,5),(870,'2020-12-04 23:48:51.000000','groupValid','2022-12-04 23:49:18.000000','2020-12-04 23:49:22.000000',65,5),(871,'2020-12-04 23:48:51.000000','eventValid','2022-12-04 23:49:18.000000','2020-12-04 23:49:22.000000',65,2),(872,'2020-12-04 23:48:51.000000','eventVisible','2022-12-04 23:49:18.000000','2020-12-04 23:49:22.000000',65,2),(873,'2020-12-04 23:48:51.000000','groupValid','2022-12-04 23:49:18.000000','2020-12-04 23:49:22.000000',65,2),(874,'2020-12-04 23:48:51.000000','eventValid','2022-12-04 23:49:18.000000','2020-12-04 23:49:22.000000',65,3),(875,'2020-12-04 23:48:51.000000','eventVisible','2022-12-04 23:49:18.000000','2020-12-04 23:49:22.000000',65,3),(876,'2020-12-04 23:48:51.000000','groupValid','2022-12-04 23:49:18.000000','2020-12-04 23:49:22.000000',65,3),(877,'2020-12-04 23:48:51.000000','eventValid','2022-12-04 23:49:18.000000','2020-12-04 23:49:22.000000',65,4),(878,'2020-12-04 23:48:51.000000','eventVisible','2022-12-04 23:49:18.000000','2020-12-04 23:49:22.000000',65,4),(879,'2020-12-04 23:48:51.000000','groupValid','2022-12-04 23:49:18.000000','2020-12-04 23:49:22.000000',65,4),(880,'2020-12-04 23:48:51.000000','eventValid','2022-12-04 23:49:18.000000','2020-12-04 23:49:22.000000',66,3),(881,'2020-12-04 23:48:51.000000','eventVisible','2022-12-04 23:49:18.000000','2020-12-04 23:49:22.000000',66,3),(882,'2020-12-04 23:48:51.000000','groupValid','2022-12-04 23:49:18.000000','2020-12-04 23:49:22.000000',66,3),(883,'2020-12-04 23:48:51.000000','eventValid','2022-12-04 23:49:18.000000','2020-12-04 23:49:22.000000',66,7),(884,'2020-12-04 23:48:51.000000','eventVisible','2022-12-04 23:49:18.000000','2020-12-04 23:49:22.000000',66,7),(885,'2020-12-04 23:48:51.000000','groupValid','2022-12-04 23:49:18.000000','2020-12-04 23:49:22.000000',66,7),(886,'2020-12-04 23:48:51.000000','eventValid','2022-12-04 23:49:18.000000','2020-12-04 23:49:22.000000',66,8),(887,'2020-12-04 23:48:51.000000','eventVisible','2022-12-04 23:49:18.000000','2020-12-04 23:49:22.000000',66,8),(888,'2020-12-04 23:48:51.000000','groupValid','2022-12-04 23:49:18.000000','2020-12-04 23:49:22.000000',66,8),(889,'2020-12-04 23:48:51.000000','eventValid','2022-12-04 23:49:18.000000','2020-12-04 23:49:22.000000',67,2),(890,'2020-12-04 23:48:51.000000','eventVisible','2022-12-04 23:49:18.000000','2020-12-04 23:49:22.000000',67,2),(891,'2020-12-04 23:48:51.000000','groupValid','2022-12-04 23:49:18.000000','2020-12-04 23:49:22.000000',67,2),(892,'2020-12-04 23:48:51.000000','eventValid','2022-12-04 23:49:18.000000','2020-12-04 23:49:22.000000',67,6),(893,'2020-12-04 23:48:51.000000','eventVisible','2022-12-04 23:49:18.000000','2020-12-04 23:49:22.000000',67,6),(894,'2020-12-04 23:48:51.000000','groupValid','2022-12-04 23:49:18.000000','2020-12-04 23:49:22.000000',67,6),(895,'2020-12-04 23:48:51.000000','eventValid','2022-12-04 23:49:18.000000','2020-12-04 23:49:22.000000',67,10),(896,'2020-12-04 23:48:51.000000','eventVisible','2022-12-04 23:49:18.000000','2020-12-04 23:49:22.000000',67,10),(897,'2020-12-04 23:48:51.000000','groupValid','2022-12-04 23:49:18.000000','2020-12-04 23:49:22.000000',67,10),(898,'2020-12-04 23:48:51.000000','eventValid','2022-12-04 23:49:18.000000','2020-12-04 23:49:22.000000',67,4),(899,'2020-12-04 23:48:51.000000','eventVisible','2022-12-04 23:49:18.000000','2020-12-04 23:49:22.000000',67,4),(900,'2020-12-04 23:48:51.000000','groupValid','2022-12-04 23:49:18.000000','2020-12-04 23:49:22.000000',67,4),(901,'2020-12-04 23:48:51.000000','eventValid','2022-12-04 23:49:18.000000','2020-12-04 23:49:22.000000',67,11),(902,'2020-12-04 23:48:51.000000','eventVisible','2022-12-04 23:49:18.000000','2020-12-04 23:49:22.000000',67,11),(903,'2020-12-04 23:48:51.000000','groupValid','2022-12-04 23:49:18.000000','2020-12-04 23:49:22.000000',67,11),(904,'2020-12-04 23:48:51.000000','eventValid','2022-12-04 23:49:18.000000','2020-12-04 23:49:22.000000',68,2),(905,'2020-12-04 23:48:51.000000','eventVisible','2022-12-04 23:49:18.000000','2020-12-04 23:49:22.000000',68,2),(906,'2020-12-04 23:48:51.000000','groupValid','2022-12-04 23:49:18.000000','2020-12-04 23:49:22.000000',68,2),(907,'2020-12-04 23:48:51.000000','eventValid','2022-12-04 23:49:18.000000','2020-12-04 23:49:22.000000',68,5),(908,'2020-12-04 23:48:51.000000','eventVisible','2022-12-04 23:49:18.000000','2020-12-04 23:49:22.000000',68,5),(909,'2020-12-04 23:48:51.000000','groupValid','2022-12-04 23:49:18.000000','2020-12-04 23:49:22.000000',68,5),(910,'2020-12-04 23:48:51.000000','eventValid','2022-12-04 23:49:18.000000','2020-12-04 23:49:22.000000',68,3),(911,'2020-12-04 23:48:51.000000','eventVisible','2022-12-04 23:49:18.000000','2020-12-04 23:49:22.000000',68,3),(912,'2020-12-04 23:48:51.000000','groupValid','2022-12-04 23:49:18.000000','2020-12-04 23:49:22.000000',68,3),(913,'2020-12-04 23:48:51.000000','eventValid','2022-12-04 23:49:18.000000','2020-12-04 23:49:22.000000',68,9),(914,'2020-12-04 23:48:51.000000','eventVisible','2022-12-04 23:49:18.000000','2020-12-04 23:49:22.000000',68,9),(915,'2020-12-04 23:48:51.000000','groupValid','2022-12-04 23:49:18.000000','2020-12-04 23:49:22.000000',68,9),(916,'2020-12-04 23:48:51.000000','eventValid','2022-12-04 23:49:18.000000','2020-12-04 23:49:22.000000',69,2),(917,'2020-12-04 23:48:51.000000','eventVisible','2022-12-04 23:49:18.000000','2020-12-04 23:49:22.000000',69,2),(918,'2020-12-04 23:48:51.000000','groupValid','2022-12-04 23:49:18.000000','2020-12-04 23:49:22.000000',69,2),(919,'2020-12-04 23:48:51.000000','eventValid','2022-12-04 23:49:18.000000','2020-12-04 23:49:22.000000',69,9),(920,'2020-12-04 23:48:51.000000','eventVisible','2022-12-04 23:49:18.000000','2020-12-04 23:49:22.000000',69,9),(921,'2020-12-04 23:48:51.000000','groupValid','2022-12-04 23:49:18.000000','2020-12-04 23:49:22.000000',69,9),(922,'2020-12-04 23:48:51.000000','eventValid','2022-12-04 23:49:18.000000','2020-12-04 23:49:22.000000',69,11),(923,'2020-12-04 23:48:51.000000','eventVisible','2022-12-04 23:49:18.000000','2020-12-04 23:49:22.000000',69,11),(924,'2020-12-04 23:48:51.000000','groupValid','2022-12-04 23:49:18.000000','2020-12-04 23:49:22.000000',69,11),(925,'2020-12-04 23:48:51.000000','eventValid','2022-12-04 23:49:18.000000','2020-12-04 23:49:22.000000',69,3),(926,'2020-12-04 23:48:51.000000','eventVisible','2022-12-04 23:49:18.000000','2020-12-04 23:49:22.000000',69,3),(927,'2020-12-04 23:48:51.000000','groupValid','2022-12-04 23:49:18.000000','2020-12-04 23:49:22.000000',69,3),(928,'2020-12-04 23:48:51.000000','eventValid','2022-12-04 23:49:18.000000','2020-12-04 23:49:22.000000',69,1),(929,'2020-12-04 23:48:51.000000','eventVisible','2022-12-04 23:49:18.000000','2020-12-04 23:49:22.000000',69,1),(930,'2020-12-04 23:48:51.000000','groupValid','2022-12-04 23:49:18.000000','2020-12-04 23:49:22.000000',69,1),(931,'2020-12-04 23:48:51.000000','eventValid','2022-12-04 23:49:18.000000','2020-12-04 23:49:22.000000',69,8),(932,'2020-12-04 23:48:51.000000','eventVisible','2022-12-04 23:49:18.000000','2020-12-04 23:49:22.000000',69,8),(933,'2020-12-04 23:48:51.000000','groupValid','2022-12-04 23:49:18.000000','2020-12-04 23:49:22.000000',69,8),(934,'2020-12-04 23:48:51.000000','eventValid','2022-12-04 23:49:18.000000','2020-12-04 23:49:22.000000',70,5),(935,'2020-12-04 23:48:51.000000','eventVisible','2022-12-04 23:49:18.000000','2020-12-04 23:49:22.000000',70,5),(936,'2020-12-04 23:48:51.000000','groupValid','2022-12-04 23:49:18.000000','2020-12-04 23:49:22.000000',70,5),(937,'2020-12-04 23:48:51.000000','eventValid','2022-12-04 23:49:18.000000','2020-12-04 23:49:22.000000',70,10),(938,'2020-12-04 23:48:51.000000','eventVisible','2022-12-04 23:49:18.000000','2020-12-04 23:49:22.000000',70,10),(939,'2020-12-04 23:48:51.000000','groupValid','2022-12-04 23:49:18.000000','2020-12-04 23:49:22.000000',70,10),(940,'2020-12-04 23:48:51.000000','eventValid','2022-12-04 23:49:18.000000','2020-12-04 23:49:22.000000',70,11),(941,'2020-12-04 23:48:51.000000','eventVisible','2022-12-04 23:49:18.000000','2020-12-04 23:49:22.000000',70,11),(942,'2020-12-04 23:48:51.000000','groupValid','2022-12-04 23:49:18.000000','2020-12-04 23:49:22.000000',70,11),(943,'2020-12-04 23:48:51.000000','eventValid','2022-12-04 23:49:18.000000','2020-12-04 23:49:22.000000',70,7),(944,'2020-12-04 23:48:51.000000','eventVisible','2022-12-04 23:49:18.000000','2020-12-04 23:49:22.000000',70,7),(945,'2020-12-04 23:48:51.000000','groupValid','2022-12-04 23:49:18.000000','2020-12-04 23:49:22.000000',70,7),(946,'2020-12-04 23:48:51.000000','eventValid','2022-12-04 23:49:18.000000','2020-12-04 23:49:22.000000',71,11),(947,'2020-12-04 23:48:51.000000','eventVisible','2022-12-04 23:49:18.000000','2020-12-04 23:49:22.000000',71,11),(948,'2020-12-04 23:48:51.000000','groupValid','2022-12-04 23:49:18.000000','2020-12-04 23:49:22.000000',71,11),(949,'2020-12-04 23:48:51.000000','eventValid','2022-12-04 23:49:18.000000','2020-12-04 23:49:22.000000',71,7),(950,'2020-12-04 23:48:51.000000','eventVisible','2022-12-04 23:49:18.000000','2020-12-04 23:49:22.000000',71,7),(951,'2020-12-04 23:48:51.000000','groupValid','2022-12-04 23:49:18.000000','2020-12-04 23:49:22.000000',71,7),(952,'2020-12-04 23:48:51.000000','eventValid','2022-12-04 23:49:18.000000','2020-12-04 23:49:22.000000',71,9),(953,'2020-12-04 23:48:51.000000','eventVisible','2022-12-04 23:49:18.000000','2020-12-04 23:49:22.000000',71,9),(954,'2020-12-04 23:48:51.000000','groupValid','2022-12-04 23:49:18.000000','2020-12-04 23:49:22.000000',71,9),(955,'2020-12-04 23:48:51.000000','eventValid','2022-12-04 23:49:18.000000','2020-12-04 23:49:22.000000',72,10),(956,'2020-12-04 23:48:51.000000','eventVisible','2022-12-04 23:49:18.000000','2020-12-04 23:49:22.000000',72,10),(957,'2020-12-04 23:48:51.000000','groupValid','2022-12-04 23:49:18.000000','2020-12-04 23:49:22.000000',72,10),(958,'2020-12-04 23:48:51.000000','eventValid','2022-12-04 23:49:18.000000','2020-12-04 23:49:22.000000',72,11),(959,'2020-12-04 23:48:51.000000','eventVisible','2022-12-04 23:49:18.000000','2020-12-04 23:49:22.000000',72,11),(960,'2020-12-04 23:48:51.000000','groupValid','2022-12-04 23:49:18.000000','2020-12-04 23:49:22.000000',72,11),(961,'2020-12-04 23:48:51.000000','eventValid','2022-12-04 23:49:18.000000','2020-12-04 23:49:22.000000',72,9),(962,'2020-12-04 23:48:51.000000','eventVisible','2022-12-04 23:49:18.000000','2020-12-04 23:49:22.000000',72,9),(963,'2020-12-04 23:48:51.000000','groupValid','2022-12-04 23:49:18.000000','2020-12-04 23:49:22.000000',72,9),(964,'2020-12-04 23:48:51.000000','eventValid','2022-12-04 23:49:18.000000','2020-12-04 23:49:22.000000',72,5),(965,'2020-12-04 23:48:51.000000','eventVisible','2022-12-04 23:49:18.000000','2020-12-04 23:49:22.000000',72,5),(966,'2020-12-04 23:48:51.000000','groupValid','2022-12-04 23:49:18.000000','2020-12-04 23:49:22.000000',72,5),(967,'2020-12-04 23:48:51.000000','eventValid','2022-12-04 23:49:18.000000','2020-12-04 23:49:22.000000',72,4),(968,'2020-12-04 23:48:51.000000','eventVisible','2022-12-04 23:49:18.000000','2020-12-04 23:49:22.000000',72,4),(969,'2020-12-04 23:48:51.000000','groupValid','2022-12-04 23:49:18.000000','2020-12-04 23:49:22.000000',72,4),(970,'2020-12-04 23:48:51.000000','eventValid','2022-12-04 23:49:18.000000','2020-12-04 23:49:22.000000',73,2),(971,'2020-12-04 23:48:51.000000','eventVisible','2022-12-04 23:49:18.000000','2020-12-04 23:49:22.000000',73,2),(972,'2020-12-04 23:48:51.000000','groupValid','2022-12-04 23:49:18.000000','2020-12-04 23:49:22.000000',73,2),(973,'2020-12-04 23:48:51.000000','eventValid','2022-12-04 23:49:18.000000','2020-12-04 23:49:22.000000',73,9),(974,'2020-12-04 23:48:51.000000','eventVisible','2022-12-04 23:49:18.000000','2020-12-04 23:49:22.000000',73,9),(975,'2020-12-04 23:48:51.000000','groupValid','2022-12-04 23:49:18.000000','2020-12-04 23:49:22.000000',73,9),(976,'2020-12-04 23:48:51.000000','eventValid','2022-12-04 23:49:18.000000','2020-12-04 23:49:22.000000',73,7),(977,'2020-12-04 23:48:51.000000','eventVisible','2022-12-04 23:49:18.000000','2020-12-04 23:49:22.000000',73,7),(978,'2020-12-04 23:48:51.000000','groupValid','2022-12-04 23:49:18.000000','2020-12-04 23:49:22.000000',73,7),(979,'2020-12-04 23:48:51.000000','eventValid','2022-12-04 23:49:18.000000','2020-12-04 23:49:22.000000',73,4),(980,'2020-12-04 23:48:51.000000','eventVisible','2022-12-04 23:49:18.000000','2020-12-04 23:49:22.000000',73,4),(981,'2020-12-04 23:48:51.000000','groupValid','2022-12-04 23:49:18.000000','2020-12-04 23:49:22.000000',73,4),(982,'2020-12-04 23:48:51.000000','eventValid','2022-12-04 23:49:18.000000','2020-12-04 23:49:22.000000',73,6),(983,'2020-12-04 23:48:51.000000','eventVisible','2022-12-04 23:49:18.000000','2020-12-04 23:49:22.000000',73,6),(984,'2020-12-04 23:48:51.000000','groupValid','2022-12-04 23:49:18.000000','2020-12-04 23:49:22.000000',73,6),(985,'2020-12-04 23:48:51.000000','eventValid','2022-12-04 23:49:18.000000','2020-12-04 23:49:22.000000',74,6),(986,'2020-12-04 23:48:51.000000','eventVisible','2022-12-04 23:49:18.000000','2020-12-04 23:49:22.000000',74,6),(987,'2020-12-04 23:48:51.000000','groupValid','2022-12-04 23:49:18.000000','2020-12-04 23:49:22.000000',74,6),(988,'2020-12-04 23:48:51.000000','eventValid','2022-12-04 23:49:18.000000','2020-12-04 23:49:22.000000',74,7),(989,'2020-12-04 23:48:51.000000','eventVisible','2022-12-04 23:49:18.000000','2020-12-04 23:49:22.000000',74,7),(990,'2020-12-04 23:48:51.000000','groupValid','2022-12-04 23:49:18.000000','2020-12-04 23:49:22.000000',74,7),(991,'2020-12-04 23:48:51.000000','eventValid','2022-12-04 23:49:18.000000','2020-12-04 23:49:22.000000',74,8),(992,'2020-12-04 23:48:51.000000','eventVisible','2022-12-04 23:49:18.000000','2020-12-04 23:49:22.000000',74,8),(993,'2020-12-04 23:48:51.000000','groupValid','2022-12-04 23:49:18.000000','2020-12-04 23:49:22.000000',74,8),(994,'2020-12-04 23:48:51.000000','eventValid','2022-12-04 23:49:18.000000','2020-12-04 23:49:22.000000',74,5),(995,'2020-12-04 23:48:51.000000','eventVisible','2022-12-04 23:49:18.000000','2020-12-04 23:49:22.000000',74,5),(996,'2020-12-04 23:48:51.000000','groupValid','2022-12-04 23:49:18.000000','2020-12-04 23:49:22.000000',74,5),(997,'2020-12-04 23:48:51.000000','eventValid','2022-12-04 23:49:18.000000','2020-12-04 23:49:22.000000',75,2),(998,'2020-12-04 23:48:51.000000','eventVisible','2022-12-04 23:49:18.000000','2020-12-04 23:49:22.000000',75,2),(999,'2020-12-04 23:48:51.000000','groupValid','2022-12-04 23:49:18.000000','2020-12-04 23:49:22.000000',75,2),(1000,'2020-12-04 23:48:51.000000','eventValid','2022-12-04 23:49:18.000000','2020-12-04 23:49:22.000000',75,4),(1001,'2020-12-04 23:48:51.000000','eventVisible','2022-12-04 23:49:18.000000','2020-12-04 23:49:22.000000',75,4),(1002,'2020-12-04 23:48:51.000000','groupValid','2022-12-04 23:49:18.000000','2020-12-04 23:49:22.000000',75,4),(1003,'2020-12-04 23:48:51.000000','eventValid','2022-12-04 23:49:18.000000','2020-12-04 23:49:22.000000',75,8),(1004,'2020-12-04 23:48:51.000000','eventVisible','2022-12-04 23:49:18.000000','2020-12-04 23:49:22.000000',75,8),(1005,'2020-12-04 23:48:51.000000','groupValid','2022-12-04 23:49:18.000000','2020-12-04 23:49:22.000000',75,8),(1006,'2020-12-04 23:48:51.000000','eventValid','2022-12-04 23:49:18.000000','2020-12-04 23:49:22.000000',75,11),(1007,'2020-12-04 23:48:51.000000','eventVisible','2022-12-04 23:49:18.000000','2020-12-04 23:49:22.000000',75,11),(1008,'2020-12-04 23:48:51.000000','groupValid','2022-12-04 23:49:18.000000','2020-12-04 23:49:22.000000',75,11),(1009,'2020-12-04 23:48:51.000000','eventValid','2022-12-04 23:49:18.000000','2020-12-04 23:49:22.000000',75,7),(1010,'2020-12-04 23:48:51.000000','eventVisible','2022-12-04 23:49:18.000000','2020-12-04 23:49:22.000000',75,7),(1011,'2020-12-04 23:48:51.000000','groupValid','2022-12-04 23:49:18.000000','2020-12-04 23:49:22.000000',75,7),(1012,'2020-12-04 23:48:51.000000','eventValid','2022-12-04 23:49:18.000000','2020-12-04 23:49:22.000000',75,10),(1013,'2020-12-04 23:48:51.000000','eventVisible','2022-12-04 23:49:18.000000','2020-12-04 23:49:22.000000',75,10),(1014,'2020-12-04 23:48:51.000000','groupValid','2022-12-04 23:49:18.000000','2020-12-04 23:49:22.000000',75,10),(1015,'2020-12-04 23:48:51.000000','eventValid','2022-12-04 23:49:18.000000','2020-12-04 23:49:22.000000',75,3),(1016,'2020-12-04 23:48:51.000000','eventVisible','2022-12-04 23:49:18.000000','2020-12-04 23:49:22.000000',75,3),(1017,'2020-12-04 23:48:51.000000','groupValid','2022-12-04 23:49:18.000000','2020-12-04 23:49:22.000000',75,3),(1018,'2020-12-04 23:48:51.000000','eventValid','2022-12-04 23:49:18.000000','2020-12-04 23:49:22.000000',76,1),(1019,'2020-12-04 23:48:51.000000','eventVisible','2022-12-04 23:49:18.000000','2020-12-04 23:49:22.000000',76,1),(1020,'2020-12-04 23:48:51.000000','groupValid','2022-12-04 23:49:18.000000','2020-12-04 23:49:22.000000',76,1),(1021,'2020-12-04 23:48:51.000000','eventValid','2022-12-04 23:49:18.000000','2020-12-04 23:49:22.000000',76,3),(1022,'2020-12-04 23:48:51.000000','eventVisible','2022-12-04 23:49:18.000000','2020-12-04 23:49:22.000000',76,3),(1023,'2020-12-04 23:48:51.000000','groupValid','2022-12-04 23:49:18.000000','2020-12-04 23:49:22.000000',76,3),(1024,'2020-12-04 23:48:51.000000','eventValid','2022-12-04 23:49:18.000000','2020-12-04 23:49:22.000000',76,5),(1025,'2020-12-04 23:48:51.000000','eventVisible','2022-12-04 23:49:18.000000','2020-12-04 23:49:22.000000',76,5),(1026,'2020-12-04 23:48:51.000000','groupValid','2022-12-04 23:49:18.000000','2020-12-04 23:49:22.000000',76,5),(1027,'2020-12-04 23:48:51.000000','eventValid','2022-12-04 23:49:18.000000','2020-12-04 23:49:22.000000',76,7),(1028,'2020-12-04 23:48:51.000000','eventVisible','2022-12-04 23:49:18.000000','2020-12-04 23:49:22.000000',76,7),(1029,'2020-12-04 23:48:51.000000','groupValid','2022-12-04 23:49:18.000000','2020-12-04 23:49:22.000000',76,7),(1030,'2020-12-04 23:48:51.000000','eventValid','2022-12-04 23:49:18.000000','2020-12-04 23:49:22.000000',77,4),(1031,'2020-12-04 23:48:51.000000','eventVisible','2022-12-04 23:49:18.000000','2020-12-04 23:49:22.000000',77,4),(1032,'2020-12-04 23:48:51.000000','groupValid','2022-12-04 23:49:18.000000','2020-12-04 23:49:22.000000',77,4),(1033,'2020-12-04 23:48:51.000000','eventValid','2022-12-04 23:49:18.000000','2020-12-04 23:49:22.000000',77,8),(1034,'2020-12-04 23:48:51.000000','eventVisible','2022-12-04 23:49:18.000000','2020-12-04 23:49:22.000000',77,8),(1035,'2020-12-04 23:48:51.000000','groupValid','2022-12-04 23:49:18.000000','2020-12-04 23:49:22.000000',77,8),(1036,'2020-12-04 23:48:51.000000','eventValid','2022-12-04 23:49:18.000000','2020-12-04 23:49:22.000000',77,11),(1037,'2020-12-04 23:48:51.000000','eventVisible','2022-12-04 23:49:18.000000','2020-12-04 23:49:22.000000',77,11),(1038,'2020-12-04 23:48:51.000000','groupValid','2022-12-04 23:49:18.000000','2020-12-04 23:49:22.000000',77,11),(1039,'2020-12-04 23:48:51.000000','eventValid','2022-12-04 23:49:18.000000','2020-12-04 23:49:22.000000',77,2),(1040,'2020-12-04 23:48:51.000000','eventVisible','2022-12-04 23:49:18.000000','2020-12-04 23:49:22.000000',77,2),(1041,'2020-12-04 23:48:51.000000','groupValid','2022-12-04 23:49:18.000000','2020-12-04 23:49:22.000000',77,2),(1042,'2020-12-04 23:48:51.000000','eventValid','2022-12-04 23:49:18.000000','2020-12-04 23:49:22.000000',77,10),(1043,'2020-12-04 23:48:51.000000','eventVisible','2022-12-04 23:49:18.000000','2020-12-04 23:49:22.000000',77,10),(1044,'2020-12-04 23:48:51.000000','groupValid','2022-12-04 23:49:18.000000','2020-12-04 23:49:22.000000',77,10),(1045,'2020-12-04 23:48:51.000000','eventValid','2022-12-04 23:49:18.000000','2020-12-04 23:49:22.000000',78,3),(1046,'2020-12-04 23:48:51.000000','eventVisible','2022-12-04 23:49:18.000000','2020-12-04 23:49:22.000000',78,3),(1047,'2020-12-04 23:48:51.000000','groupValid','2022-12-04 23:49:18.000000','2020-12-04 23:49:22.000000',78,3),(1048,'2020-12-04 23:48:51.000000','eventValid','2022-12-04 23:49:18.000000','2020-12-04 23:49:22.000000',78,4),(1049,'2020-12-04 23:48:51.000000','eventVisible','2022-12-04 23:49:18.000000','2020-12-04 23:49:22.000000',78,4),(1050,'2020-12-04 23:48:51.000000','groupValid','2022-12-04 23:49:18.000000','2020-12-04 23:49:22.000000',78,4),(1051,'2020-12-04 23:48:51.000000','eventValid','2022-12-04 23:49:18.000000','2020-12-04 23:49:22.000000',78,1),(1052,'2020-12-04 23:48:51.000000','eventVisible','2022-12-04 23:49:18.000000','2020-12-04 23:49:22.000000',78,1),(1053,'2020-12-04 23:48:51.000000','groupValid','2022-12-04 23:49:18.000000','2020-12-04 23:49:22.000000',78,1),(1054,'2020-12-04 23:48:51.000000','eventValid','2022-12-04 23:49:18.000000','2020-12-04 23:49:22.000000',78,8),(1055,'2020-12-04 23:48:51.000000','eventVisible','2022-12-04 23:49:18.000000','2020-12-04 23:49:22.000000',78,8),(1056,'2020-12-04 23:48:51.000000','groupValid','2022-12-04 23:49:18.000000','2020-12-04 23:49:22.000000',78,8),(1057,'2020-12-04 23:48:51.000000','eventValid','2022-12-04 23:49:18.000000','2020-12-04 23:49:22.000000',78,6),(1058,'2020-12-04 23:48:51.000000','eventVisible','2022-12-04 23:49:18.000000','2020-12-04 23:49:22.000000',78,6),(1059,'2020-12-04 23:48:51.000000','groupValid','2022-12-04 23:49:18.000000','2020-12-04 23:49:22.000000',78,6),(1060,'2020-12-04 23:48:51.000000','eventValid','2022-12-04 23:49:18.000000','2020-12-04 23:49:22.000000',78,10),(1061,'2020-12-04 23:48:51.000000','eventVisible','2022-12-04 23:49:18.000000','2020-12-04 23:49:22.000000',78,10),(1062,'2020-12-04 23:48:51.000000','groupValid','2022-12-04 23:49:18.000000','2020-12-04 23:49:22.000000',78,10),(1063,'2020-12-04 23:48:51.000000','eventValid','2022-12-04 23:49:18.000000','2020-12-04 23:49:22.000000',78,2),(1064,'2020-12-04 23:48:51.000000','eventVisible','2022-12-04 23:49:18.000000','2020-12-04 23:49:22.000000',78,2),(1065,'2020-12-04 23:48:51.000000','groupValid','2022-12-04 23:49:18.000000','2020-12-04 23:49:22.000000',78,2),(1066,'2020-12-04 23:48:51.000000','eventValid','2022-12-04 23:49:18.000000','2020-12-04 23:49:22.000000',79,2),(1067,'2020-12-04 23:48:51.000000','eventVisible','2022-12-04 23:49:18.000000','2020-12-04 23:49:22.000000',79,2),(1068,'2020-12-04 23:48:51.000000','groupValid','2022-12-04 23:49:18.000000','2020-12-04 23:49:22.000000',79,2),(1069,'2020-12-04 23:48:51.000000','eventValid','2022-12-04 23:49:18.000000','2020-12-04 23:49:22.000000',79,4),(1070,'2020-12-04 23:48:51.000000','eventVisible','2022-12-04 23:49:18.000000','2020-12-04 23:49:22.000000',79,4),(1071,'2020-12-04 23:48:51.000000','groupValid','2022-12-04 23:49:18.000000','2020-12-04 23:49:22.000000',79,4),(1072,'2020-12-04 23:48:51.000000','eventValid','2022-12-04 23:49:18.000000','2020-12-04 23:49:22.000000',79,7),(1073,'2020-12-04 23:48:51.000000','eventVisible','2022-12-04 23:49:18.000000','2020-12-04 23:49:22.000000',79,7),(1074,'2020-12-04 23:48:51.000000','groupValid','2022-12-04 23:49:18.000000','2020-12-04 23:49:22.000000',79,7),(1075,'2020-12-04 23:48:51.000000','eventValid','2022-12-04 23:49:18.000000','2020-12-04 23:49:22.000000',79,10),(1076,'2020-12-04 23:48:51.000000','eventVisible','2022-12-04 23:49:18.000000','2020-12-04 23:49:22.000000',79,10),(1077,'2020-12-04 23:48:51.000000','groupValid','2022-12-04 23:49:18.000000','2020-12-04 23:49:22.000000',79,10),(1078,'2020-12-04 23:48:51.000000','eventValid','2022-12-04 23:49:18.000000','2020-12-04 23:49:22.000000',79,11),(1079,'2020-12-04 23:48:51.000000','eventVisible','2022-12-04 23:49:18.000000','2020-12-04 23:49:22.000000',79,11),(1080,'2020-12-04 23:48:51.000000','groupValid','2022-12-04 23:49:18.000000','2020-12-04 23:49:22.000000',79,11),(1081,'2020-12-04 23:48:51.000000','eventValid','2022-12-04 23:49:18.000000','2020-12-04 23:49:22.000000',79,3),(1082,'2020-12-04 23:48:51.000000','eventVisible','2022-12-04 23:49:18.000000','2020-12-04 23:49:22.000000',79,3),(1083,'2020-12-04 23:48:51.000000','groupValid','2022-12-04 23:49:18.000000','2020-12-04 23:49:22.000000',79,3),(1084,'2020-12-04 23:48:51.000000','eventValid','2022-12-04 23:49:18.000000','2020-12-04 23:49:22.000000',80,4),(1085,'2020-12-04 23:48:51.000000','eventVisible','2022-12-04 23:49:18.000000','2020-12-04 23:49:22.000000',80,4),(1086,'2020-12-04 23:48:51.000000','groupValid','2022-12-04 23:49:18.000000','2020-12-04 23:49:22.000000',80,4),(1087,'2020-12-04 23:48:51.000000','eventValid','2022-12-04 23:49:18.000000','2020-12-04 23:49:22.000000',80,2),(1088,'2020-12-04 23:48:51.000000','eventVisible','2022-12-04 23:49:18.000000','2020-12-04 23:49:22.000000',80,2),(1089,'2020-12-04 23:48:51.000000','groupValid','2022-12-04 23:49:18.000000','2020-12-04 23:49:22.000000',80,2),(1090,'2020-12-04 23:48:51.000000','eventValid','2022-12-04 23:49:18.000000','2020-12-04 23:49:22.000000',80,11),(1091,'2020-12-04 23:48:51.000000','eventVisible','2022-12-04 23:49:18.000000','2020-12-04 23:49:22.000000',80,11),(1092,'2020-12-04 23:48:51.000000','groupValid','2022-12-04 23:49:18.000000','2020-12-04 23:49:22.000000',80,11),(1093,'2020-12-04 23:48:51.000000','eventValid','2022-12-04 23:49:18.000000','2020-12-04 23:49:22.000000',80,5),(1094,'2020-12-04 23:48:51.000000','eventVisible','2022-12-04 23:49:18.000000','2020-12-04 23:49:22.000000',80,5),(1095,'2020-12-04 23:48:51.000000','groupValid','2022-12-04 23:49:18.000000','2020-12-04 23:49:22.000000',80,5),(1096,'2020-12-04 23:48:51.000000','eventValid','2022-12-04 23:49:18.000000','2020-12-04 23:49:22.000000',80,6),(1097,'2020-12-04 23:48:51.000000','eventVisible','2022-12-04 23:49:18.000000','2020-12-04 23:49:22.000000',80,6),(1098,'2020-12-04 23:48:51.000000','groupValid','2022-12-04 23:49:18.000000','2020-12-04 23:49:22.000000',80,6),(1099,'2020-12-04 23:48:51.000000','eventValid','2022-12-04 23:49:18.000000','2020-12-04 23:49:22.000000',81,4),(1100,'2020-12-04 23:48:51.000000','eventVisible','2022-12-04 23:49:18.000000','2020-12-04 23:49:22.000000',81,4),(1101,'2020-12-04 23:48:51.000000','groupValid','2022-12-04 23:49:18.000000','2020-12-04 23:49:22.000000',81,4),(1102,'2020-12-04 23:48:51.000000','eventValid','2022-12-04 23:49:18.000000','2020-12-04 23:49:22.000000',81,9),(1103,'2020-12-04 23:48:51.000000','eventVisible','2022-12-04 23:49:18.000000','2020-12-04 23:49:22.000000',81,9),(1104,'2020-12-04 23:48:51.000000','groupValid','2022-12-04 23:49:18.000000','2020-12-04 23:49:22.000000',81,9),(1105,'2020-12-04 23:48:51.000000','eventValid','2022-12-04 23:49:18.000000','2020-12-04 23:49:22.000000',81,10),(1106,'2020-12-04 23:48:51.000000','eventVisible','2022-12-04 23:49:18.000000','2020-12-04 23:49:22.000000',81,10),(1107,'2020-12-04 23:48:51.000000','groupValid','2022-12-04 23:49:18.000000','2020-12-04 23:49:22.000000',81,10),(1108,'2020-12-04 23:48:51.000000','eventValid','2022-12-04 23:49:18.000000','2020-12-04 23:49:22.000000',82,1),(1109,'2020-12-04 23:48:51.000000','eventVisible','2022-12-04 23:49:18.000000','2020-12-04 23:49:22.000000',82,1),(1110,'2020-12-04 23:48:51.000000','groupValid','2022-12-04 23:49:18.000000','2020-12-04 23:49:22.000000',82,1),(1111,'2020-12-04 23:48:51.000000','eventValid','2022-12-04 23:49:18.000000','2020-12-04 23:49:22.000000',82,7),(1112,'2020-12-04 23:48:51.000000','eventVisible','2022-12-04 23:49:18.000000','2020-12-04 23:49:22.000000',82,7),(1113,'2020-12-04 23:48:51.000000','groupValid','2022-12-04 23:49:18.000000','2020-12-04 23:49:22.000000',82,7),(1114,'2020-12-04 23:48:51.000000','eventValid','2022-12-04 23:49:18.000000','2020-12-04 23:49:22.000000',82,6),(1115,'2020-12-04 23:48:51.000000','eventVisible','2022-12-04 23:49:18.000000','2020-12-04 23:49:22.000000',82,6),(1116,'2020-12-04 23:48:51.000000','groupValid','2022-12-04 23:49:18.000000','2020-12-04 23:49:22.000000',82,6),(1117,'2020-12-04 23:48:51.000000','eventValid','2022-12-04 23:49:18.000000','2020-12-04 23:49:22.000000',82,9),(1118,'2020-12-04 23:48:51.000000','eventVisible','2022-12-04 23:49:18.000000','2020-12-04 23:49:22.000000',82,9),(1119,'2020-12-04 23:48:51.000000','groupValid','2022-12-04 23:49:18.000000','2020-12-04 23:49:22.000000',82,9),(1120,'2020-12-04 23:48:51.000000','eventValid','2022-12-04 23:49:18.000000','2020-12-04 23:49:22.000000',83,4),(1121,'2020-12-04 23:48:51.000000','eventVisible','2022-12-04 23:49:18.000000','2020-12-04 23:49:22.000000',83,4),(1122,'2020-12-04 23:48:51.000000','groupValid','2022-12-04 23:49:18.000000','2020-12-04 23:49:22.000000',83,4),(1123,'2020-12-04 23:48:51.000000','eventValid','2022-12-04 23:49:18.000000','2020-12-04 23:49:22.000000',83,2),(1124,'2020-12-04 23:48:51.000000','eventVisible','2022-12-04 23:49:18.000000','2020-12-04 23:49:22.000000',83,2),(1125,'2020-12-04 23:48:51.000000','groupValid','2022-12-04 23:49:18.000000','2020-12-04 23:49:22.000000',83,2),(1126,'2020-12-04 23:48:51.000000','eventValid','2022-12-04 23:49:18.000000','2020-12-04 23:49:22.000000',83,5),(1127,'2020-12-04 23:48:51.000000','eventVisible','2022-12-04 23:49:18.000000','2020-12-04 23:49:22.000000',83,5),(1128,'2020-12-04 23:48:51.000000','groupValid','2022-12-04 23:49:18.000000','2020-12-04 23:49:22.000000',83,5),(1129,'2020-12-04 23:48:51.000000','eventValid','2022-12-04 23:49:18.000000','2020-12-04 23:49:22.000000',84,2),(1130,'2020-12-04 23:48:51.000000','eventVisible','2022-12-04 23:49:18.000000','2020-12-04 23:49:22.000000',84,2),(1131,'2020-12-04 23:48:51.000000','groupValid','2022-12-04 23:49:18.000000','2020-12-04 23:49:22.000000',84,2),(1132,'2020-12-04 23:48:51.000000','eventValid','2022-12-04 23:49:18.000000','2020-12-04 23:49:22.000000',84,7),(1133,'2020-12-04 23:48:51.000000','eventVisible','2022-12-04 23:49:18.000000','2020-12-04 23:49:22.000000',84,7),(1134,'2020-12-04 23:48:51.000000','groupValid','2022-12-04 23:49:18.000000','2020-12-04 23:49:22.000000',84,7),(1135,'2020-12-04 23:48:51.000000','eventValid','2022-12-04 23:49:18.000000','2020-12-04 23:49:22.000000',84,6),(1136,'2020-12-04 23:48:51.000000','eventVisible','2022-12-04 23:49:18.000000','2020-12-04 23:49:22.000000',84,6),(1137,'2020-12-04 23:48:51.000000','groupValid','2022-12-04 23:49:18.000000','2020-12-04 23:49:22.000000',84,6),(1138,'2020-12-04 23:48:51.000000','eventValid','2022-12-04 23:49:18.000000','2020-12-04 23:49:22.000000',84,11),(1139,'2020-12-04 23:48:51.000000','eventVisible','2022-12-04 23:49:18.000000','2020-12-04 23:49:22.000000',84,11),(1140,'2020-12-04 23:48:51.000000','groupValid','2022-12-04 23:49:18.000000','2020-12-04 23:49:22.000000',84,11),(1141,'2020-12-04 23:48:51.000000','eventValid','2022-12-04 23:49:18.000000','2020-12-04 23:49:22.000000',85,6),(1142,'2020-12-04 23:48:51.000000','eventVisible','2022-12-04 23:49:18.000000','2020-12-04 23:49:22.000000',85,6),(1143,'2020-12-04 23:48:51.000000','groupValid','2022-12-04 23:49:18.000000','2020-12-04 23:49:22.000000',85,6),(1144,'2020-12-04 23:48:51.000000','eventValid','2022-12-04 23:49:18.000000','2020-12-04 23:49:22.000000',85,3),(1145,'2020-12-04 23:48:51.000000','eventVisible','2022-12-04 23:49:18.000000','2020-12-04 23:49:22.000000',85,3),(1146,'2020-12-04 23:48:51.000000','groupValid','2022-12-04 23:49:18.000000','2020-12-04 23:49:22.000000',85,3),(1147,'2020-12-04 23:48:51.000000','eventValid','2022-12-04 23:49:18.000000','2020-12-04 23:49:22.000000',85,8),(1148,'2020-12-04 23:48:51.000000','eventVisible','2022-12-04 23:49:18.000000','2020-12-04 23:49:22.000000',85,8),(1149,'2020-12-04 23:48:51.000000','groupValid','2022-12-04 23:49:18.000000','2020-12-04 23:49:22.000000',85,8),(1150,'2020-12-04 23:48:51.000000','eventValid','2022-12-04 23:49:18.000000','2020-12-04 23:49:22.000000',85,2),(1151,'2020-12-04 23:48:51.000000','eventVisible','2022-12-04 23:49:18.000000','2020-12-04 23:49:22.000000',85,2),(1152,'2020-12-04 23:48:51.000000','groupValid','2022-12-04 23:49:18.000000','2020-12-04 23:49:22.000000',85,2),(1153,'2020-12-04 23:48:51.000000','eventValid','2022-12-04 23:49:18.000000','2020-12-04 23:49:22.000000',86,2),(1154,'2020-12-04 23:48:51.000000','eventVisible','2022-12-04 23:49:18.000000','2020-12-04 23:49:22.000000',86,2),(1155,'2020-12-04 23:48:51.000000','groupValid','2022-12-04 23:49:18.000000','2020-12-04 23:49:22.000000',86,2),(1156,'2020-12-04 23:48:51.000000','eventValid','2022-12-04 23:49:18.000000','2020-12-04 23:49:22.000000',86,9),(1157,'2020-12-04 23:48:51.000000','eventVisible','2022-12-04 23:49:18.000000','2020-12-04 23:49:22.000000',86,9),(1158,'2020-12-04 23:48:51.000000','groupValid','2022-12-04 23:49:18.000000','2020-12-04 23:49:22.000000',86,9),(1159,'2020-12-04 23:48:51.000000','eventValid','2022-12-04 23:49:18.000000','2020-12-04 23:49:22.000000',86,4),(1160,'2020-12-04 23:48:51.000000','eventVisible','2022-12-04 23:49:18.000000','2020-12-04 23:49:22.000000',86,4),(1161,'2020-12-04 23:48:51.000000','groupValid','2022-12-04 23:49:18.000000','2020-12-04 23:49:22.000000',86,4),(1162,'2020-12-21 16:33:59.435897','teach','2021-12-20 16:33:59.435897','2020-12-21 16:33:59.435897',76,1),(1163,'2020-12-21 16:33:59.550125','projectGrade','2021-12-20 16:33:59.550125','2020-12-21 16:33:59.550125',76,1),(1164,'2020-12-21 16:33:59.665857','projectEdit','2021-12-20 16:33:59.665857','2020-12-21 16:33:59.665857',76,1),(1165,'2020-12-21 16:33:59.780512','eventValid','2021-12-20 16:33:59.780512','2020-12-21 16:33:59.780512',76,1),(1166,'2020-12-21 16:33:59.894208','eventVisible','2021-12-20 16:33:59.894208','2020-12-21 16:33:59.894208',76,1),(1167,'2020-12-21 16:34:00.009903','eventGrade','2021-12-20 16:34:00.009903','2020-12-21 16:34:00.009903',76,1),(1168,'2020-12-21 16:34:00.126275','eventEdit','2021-12-20 16:34:00.126275','2020-12-21 16:34:00.126275',76,1),(1169,'2020-12-21 16:34:00.244564','group','2021-12-20 16:34:00.243601','2020-12-21 16:34:00.243601',76,1),(1170,'2020-12-21 16:34:00.359550','authEdit','2021-12-20 16:34:00.359550','2020-12-21 16:34:00.359550',76,1),(1171,'2020-12-21 16:34:00.477891','groupValid','2021-12-20 16:34:00.477891','2020-12-21 16:34:00.477891',76,1),(1172,'2020-12-21 16:34:00.598570','tagEdit','2021-12-20 16:34:00.597570','2020-12-21 16:34:00.597570',76,1),(1173,'2020-12-23 21:48:36.736115','eventVisible','2021-12-22 21:48:36.736115','2020-12-23 21:48:36.736115',86,3),(1174,'2020-12-23 21:48:36.780881','tagEdit','2021-12-22 21:48:36.780881','2020-12-23 21:48:36.780881',86,3),(1175,'2020-12-24 20:19:29.116226','eventVisible','2021-12-23 20:19:29.116226','2020-12-24 20:19:29.116226',83,3),(1210,'2020-12-24 20:32:11.718741','projectEdit','2021-12-23 20:32:11.718741','2020-12-24 20:32:11.718741',83,3),(1211,'2020-12-24 20:32:11.937868','eventGrade','2021-12-23 20:32:11.937868','2020-12-24 20:32:11.937868',83,3),(1213,'2020-12-24 20:32:12.189806','group','2021-12-23 20:32:12.189806','2020-12-24 20:32:12.189806',83,3),(1215,'2020-12-24 20:32:12.657095','tagEdit','2021-12-23 20:32:12.656131','2020-12-24 20:32:12.656131',83,3);
/*!40000 ALTER TABLE `operations_authority` ENABLE KEYS */;
UNLOCK TABLES;

--
-- Table structure for table `operations_chooseevent`
--

DROP TABLE IF EXISTS `operations_chooseevent`;
/*!40101 SET @saved_cs_client     = @@character_set_client */;
/*!50503 SET character_set_client = utf8mb4 */;
CREATE TABLE `operations_chooseevent` (
  `id` int(11) NOT NULL AUTO_INCREMENT,
  `add_time` datetime(6) NOT NULL,
  `choice` longtext NOT NULL,
  `event_id_id` int(11) NOT NULL,
  `group_id` int(11) NOT NULL,
  PRIMARY KEY (`id`),
  KEY `operations_chooseeve_event_id_id_4c1f6fa2_fk_operation` (`event_id_id`),
  KEY `operations_chooseevent_user_id_806a49b5_fk_users_userprofile_id` (`group_id`),
  CONSTRAINT `operations_chooseeve_event_id_id_4c1f6fa2_fk_operation` FOREIGN KEY (`event_id_id`) REFERENCES `operations_event` (`id`),
  CONSTRAINT `operations_chooseevent_user_id_806a49b5_fk_users_userprofile_id` FOREIGN KEY (`group_id`) REFERENCES `groups_grouporg` (`id`)
) ENGINE=InnoDB AUTO_INCREMENT=14 DEFAULT CHARSET=utf8;
/*!40101 SET character_set_client = @saved_cs_client */;

--
-- Dumping data for table `operations_chooseevent`
--

LOCK TABLES `operations_chooseevent` WRITE;
/*!40000 ALTER TABLE `operations_chooseevent` DISABLE KEYS */;
INSERT INTO `operations_chooseevent` VALUES (9,'2020-12-18 21:47:12.742590','0',13,14),(10,'2020-12-18 21:47:12.774907','1',13,14),(11,'2020-12-19 19:53:35.909966','0',14,15),(12,'2020-12-19 19:53:35.943990','1',14,15),(13,'2020-12-21 23:06:52.525055','0',21,16);
/*!40000 ALTER TABLE `operations_chooseevent` ENABLE KEYS */;
UNLOCK TABLES;

--
-- Table structure for table `operations_event`
--

DROP TABLE IF EXISTS `operations_event`;
/*!40101 SET @saved_cs_client     = @@character_set_client */;
/*!50503 SET character_set_client = utf8mb4 */;
CREATE TABLE `operations_event` (
  `id` int(11) NOT NULL AUTO_INCREMENT,
  `add_time` datetime(6) NOT NULL,
  `type` varchar(200) NOT NULL,
  `parameter` longtext NOT NULL,
  `end_time` datetime(6) NOT NULL,
  `start_time` datetime(6) NOT NULL,
  `detail` longtext NOT NULL,
  `title` varchar(200) NOT NULL,
  `project_id` int(11) NOT NULL,
  `publish_user_id` int(11) NOT NULL,
  PRIMARY KEY (`id`),
  KEY `operations_event_project_id_c37a56ae_fk_projects_project_id` (`project_id`),
  KEY `operations_event_publish_user_id_348ce1d1_fk_users_use` (`publish_user_id`),
  CONSTRAINT `operations_event_project_id_c37a56ae_fk_projects_project_id` FOREIGN KEY (`project_id`) REFERENCES `projects_project` (`id`),
  CONSTRAINT `operations_event_publish_user_id_348ce1d1_fk_users_use` FOREIGN KEY (`publish_user_id`) REFERENCES `users_userprofile` (`id`)
) ENGINE=InnoDB AUTO_INCREMENT=69 DEFAULT CHARSET=utf8;
/*!40101 SET character_set_client = @saved_cs_client */;

--
-- Dumping data for table `operations_event`
--

LOCK TABLES `operations_event` WRITE;
/*!40000 ALTER TABLE `operations_event` DISABLE KEYS */;
INSERT INTO `operations_event` VALUES (1,'2020-12-19 17:55:37.895573','no','no','2020-12-20 02:17:57.000000','2020-12-20 02:18:02.000000','no','null',1,1),(5,'2020-12-17 14:51:06.572584','partition','{\"eventType\": \"partition\", \"partitionType\": \"normal\", \"title\": \"fdsas\", \"introduction\": \"sdasgafa\", \"due\": 1608220800000, \"selectionLimit\": 1, \"options\": [[\"opt1\", 1], [\"opt2\", 2]], \"selectionType\": \"0\"}','2020-12-18 00:00:00.000000','2020-12-17 14:51:05.964956','sdasgafa','fdsas',8,87),(8,'2020-12-18 00:51:20.770042','partition','{\"eventType\": \"partition\", \"partitionType\": \"timeSlot\", \"title\": \"Testing Event\", \"introduction\": \"This is the introduction of testing event.\", \"due\": 1608307200000, \"selectionLimit\": 1, \"options\": [[1608307200000, 1608307919999, 5], [1608307920000, 1608308639999, 5], [1608308640000, 1608309359999, 5], [1608309360000, 1608310079999, 5], [1608310080000, 1608310799999, 5], [1608393600000, 1608394319999, 5], [1608394320000, 1608395039999, 5], [1608395040000, 1608395759999, 5], [1608395760000, 1608396479999, 5], [1608396480000, 1608397199999, 5]], \"selectionType\": \"1\"}','2020-12-19 00:00:00.000000','2020-12-18 00:51:19.436544','This is the introduction of testing event.','Testing Event',1,87),(13,'2020-12-18 02:04:21.762748','partition','{\"eventType\": \"partition\", \"partitionType\": \"normal\", \"title\": \"Test Multiple Answer\", \"introduction\": \"demo\", \"due\": 1608307200000, \"selectionLimit\": 2, \"options\": [[\"opt1\", 1], [\"opt2\", 1], [\"opt3\", 1]], \"selectionType\": \"0\"}','2020-12-19 00:00:00.000000','2020-12-18 02:04:21.294147','demo','Test Multiple Answer',1,87),(14,'2020-12-19 17:55:37.895573','partition','{\"eventType\": \"partition\", \"partitionType\": \"timeSlot\", \"title\": \"Demo Partition\", \"introduction\": \"Demo Partition\", \"due\": 1608393600000, \"selectionLimit\": 2, \"options\": [[1608393600000, 1608394799999, 3], [1608394800000, 1608395999999, 3], [1608396000000, 1608397199999, 3], [1608480000000, 1608481199999, 3], [1608481200000, 1608482399999, 3], [1608482400000, 1608483599999, 3]], \"selectionType\": \"1\"}','2020-12-20 00:00:00.000000','2020-12-19 17:55:37.413445','Demo Partition','Demo Partition',16,87),(17,'2020-12-20 17:44:49.822704','SubmissionEvent','{\"title\": \"Demo Submission\", \"introduction\": \"This is a demo submission.\", \"due\": 1608480000000, \"eventType\": \"SubmissionEvent\", \"submissionType\": \"file\", \"selectedGroupList\": []}','2020-12-21 00:00:00.000000','2020-12-20 17:44:49.365096','This is a demo submission.','Demo Submission',16,87),(18,'2020-12-20 20:55:52.671300','partition','{\"eventType\": \"partition\", \"partitionType\": \"normal\", \"title\": \"Partition 0\", \"introduction\": \"A line.\\nAnother line.\", \"due\": 1608480000000, \"selectionLimit\": 1, \"options\": [[\"Opt 0\", 4], [\"Opt 1\", 4]], \"selectionType\": \"0\"}','2020-12-21 00:00:00.000000','2020-12-20 20:55:52.202104','A line.\nAnother line.','Partition 0',20,87),(19,'2020-12-20 20:56:24.968769','SubmissionEvent','{\"title\": \"Submission 0\", \"introduction\": \"A line.\\nAnother line.\", \"due\": 1608480000000, \"eventType\": \"SubmissionEvent\", \"submissionType\": \"file\", \"selectedGroupList\": []}','2020-12-21 00:00:00.000000','2020-12-20 20:56:24.515832','A line.\nAnother line.','Submission 0',20,87),(21,'2020-12-21 23:06:24.222765','partition','{\"eventType\": \"partition\", \"partitionType\": \"normal\", \"title\": \"Demo Partition 1\", \"introduction\": \"nothing\", \"due\": 1608827451537, \"selectionLimit\": 1, \"options\": [[\"opt0\", 1], [\"opt1\", 1]], \"selectionType\": \"0\"}','2020-12-25 00:30:51.000000','2020-12-21 23:06:23.411593','nothing','Demo Partition 1',38,88),(44,'2020-12-23 22:36:07.983768','SubmissionEvent','{\"title\": \"ZJS Submission\", \"introduction\": \"This is my content.\", \"due\": 1608825600000, \"eventType\": \"SubmissionEvent\", \"submissionType\": \"file\", \"selectedPartitionList\": [\"{\\\"partition_id\\\":21,\\\"option_id\\\":0}\", \"{\\\"partition_id\\\":21,\\\"option_id\\\":1}\"]}','2020-12-25 00:00:00.000000','2020-12-23 22:36:07.562454','This is my content.','ZJS Submission',38,88),(45,'2020-12-23 22:48:32.342078','AnnouncementComponent','{\"eventType\": \"AnnouncementComponent\", \"title\": \"\", \"introduction\": \"\", \"due\": 1609344000000, \"partitionList\": []}','2020-12-31 00:00:00.000000','2020-12-23 22:48:31.844113','','',39,88),(59,'2020-12-23 23:13:33.471881','AnnouncementComponent','{\"eventType\": \"AnnouncementComponent\", \"title\": \"Testing Partition Announcement\", \"introduction\": \"You shall not see this, 11810101!\", \"due\": 1608825600000, \"selectedPartitionList\": [\"{\\\"partition_id\\\":21,\\\"option_id\\\":1}\"]}','2020-12-25 00:00:00.000000','2020-12-23 23:13:33.026093','You shall not see this, 11810101!','Testing Partition Announcement',38,88),(61,'2020-12-23 23:43:33.937511','SubmissionEvent','{\"title\": \"Testing parent update 1\", \"introduction\": \"emmm stay!\", \"due\": 1608912000000, \"eventType\": \"SubmissionEvent\", \"submissionType\": \"file\", \"selectedPartitionList\": [\"{\\\"partition_id\\\":21,\\\"option_id\\\":0}\"]}','2020-12-26 00:00:00.000000','2020-12-23 23:43:33.474154','emmm stay!','Testing parent update 1',38,88),(62,'2020-12-23 23:57:35.521481','partition','{\"eventType\": \"partition\", \"partitionType\": \"timeSlot\", \"title\": \"Demo File Partition\", \"introduction\": \"saasdfdsafdsa\", \"due\": 1608912000000, \"selectionLimit\": 2, \"options\": [[1608739200000, 1608740399999, 3], [1608740400000, 1608741599999, 3], [1608741600000, 1608742799999, 3]], \"selectionType\": \"1\"}','2020-12-26 00:00:00.000000','2020-12-23 23:57:35.095779','saasdfdsafdsa','Demo File Partition',38,88),(63,'2020-12-24 00:38:10.357033','AnnouncementComponent','{\"eventType\": \"AnnouncementComponent\", \"title\": \"testpulla\", \"introduction\": \"testpulla\", \"due\": 1609344000000, \"selectedPartitionList\": []}','2020-12-31 00:00:00.000000','2020-12-24 00:38:06.284510','testpulla','testpulla',43,88),(68,'2020-12-25 00:00:34.198057','AnnouncementComponent','{\"eventType\": \"AnnouncementComponent\", \"title\": \"File Announcement\", \"introduction\": \"This is an edit.\", \"due\": 1608826104329, \"selectedPartitionList\": []}','2020-12-25 00:08:24.000000','2020-12-25 00:00:33.657373','This is an edit.','File Announcement',38,88);
/*!40000 ALTER TABLE `operations_event` ENABLE KEYS */;
UNLOCK TABLES;

--
-- Table structure for table `operations_eventgrades`
--

DROP TABLE IF EXISTS `operations_eventgrades`;
/*!40101 SET @saved_cs_client     = @@character_set_client */;
/*!50503 SET character_set_client = utf8mb4 */;
CREATE TABLE `operations_eventgrades` (
  `id` int(11) NOT NULL AUTO_INCREMENT,
  `add_time` datetime(6) NOT NULL,
  `grade` float NOT NULL,
  `comment` longtext NOT NULL,
  `event_id` int(11) NOT NULL,
  `user_id` int(11) NOT NULL,
  PRIMARY KEY (`id`),
  KEY `operations_eventgrades_event_id_2ebc95a1_fk_operations_event_id` (`event_id`),
  KEY `operations_eventgrades_user_id_421773d4_fk_users_userprofile_id` (`user_id`),
  CONSTRAINT `operations_eventgrades_event_id_2ebc95a1_fk_operations_event_id` FOREIGN KEY (`event_id`) REFERENCES `operations_event` (`id`),
  CONSTRAINT `operations_eventgrades_user_id_421773d4_fk_users_userprofile_id` FOREIGN KEY (`user_id`) REFERENCES `users_userprofile` (`id`)
) ENGINE=InnoDB AUTO_INCREMENT=7 DEFAULT CHARSET=utf8;
/*!40101 SET character_set_client = @saved_cs_client */;

--
-- Dumping data for table `operations_eventgrades`
--

LOCK TABLES `operations_eventgrades` WRITE;
/*!40000 ALTER TABLE `operations_eventgrades` DISABLE KEYS */;
INSERT INTO `operations_eventgrades` VALUES (2,'2020-12-20 16:48:42.098797',100,'There is no feedback.',14,2),(3,'2020-12-22 00:05:04.632871',98,'There is no feedback.',21,2),(4,'2020-12-22 00:05:05.614151',97,'There is no feedback.',21,3);
/*!40000 ALTER TABLE `operations_eventgrades` ENABLE KEYS */;
UNLOCK TABLES;

--
-- Table structure for table `operations_key`
--

DROP TABLE IF EXISTS `operations_key`;
/*!40101 SET @saved_cs_client     = @@character_set_client */;
/*!50503 SET character_set_client = utf8mb4 */;
CREATE TABLE `operations_key` (
  `id` int(11) NOT NULL AUTO_INCREMENT,
  `add_time` datetime(6) NOT NULL,
  `key_word` varchar(200) NOT NULL,
  PRIMARY KEY (`id`)
) ENGINE=InnoDB AUTO_INCREMENT=281 DEFAULT CHARSET=utf8;
/*!40101 SET character_set_client = @saved_cs_client */;

--
-- Dumping data for table `operations_key`
--

LOCK TABLES `operations_key` WRITE;
/*!40000 ALTER TABLE `operations_key` DISABLE KEYS */;
INSERT INTO `operations_key` VALUES (215,'2020-12-21 01:25:29.305072','eyJzdHVkZW50X2lkIjogIjMwMTIzNDUiLCAiY291cnNlX2lkIjogIjEiLCAidGltZSI6IDE2MDg0ODUxMjkuMzA1MDcyM30='),(216,'2020-12-21 01:29:49.005119','eyJzdHVkZW50X2lkIjogIjMwMTIzNDUiLCAiY291cnNlX2lkIjogIjEiLCAidGltZSI6IDE2MDg0ODUzODkuMDA1MTE5OH0='),(217,'2020-12-21 01:30:50.418127','eyJzdHVkZW50X2lkIjogIjMwMTIzNDUiLCAiY291cnNlX2lkIjogIjEiLCAidGltZSI6IDE2MDg0ODU0NTAuNDE4MTI3M30='),(218,'2020-12-21 01:35:38.397344','eyJzdHVkZW50X2lkIjogIjMwMTIzNDUiLCAiY291cnNlX2lkIjogIjEiLCAidGltZSI6IDE2MDg0ODU3MzguMzk3MzQ0NH0='),(219,'2020-12-21 01:41:47.999826','eyJzdHVkZW50X2lkIjogIjMwMTIzNDUiLCAiY291cnNlX2lkIjogIjEiLCAidGltZSI6IDE2MDg0ODYxMDcuOTk5ODI2NH0='),(220,'2020-12-21 20:22:18.287762','eyJzdHVkZW50X2lkIjogIjMxMDAwMDEiLCAiY291cnNlX2lkIjogIjMiLCAidGltZSI6IDE2MDg1NTMzMzguMjg3NTM3OH0='),(221,'2020-12-21 20:52:46.326977','eyJzdHVkZW50X2lkIjogIjMwMTIzNDUiLCAiY291cnNlX2lkIjogIjEiLCAidGltZSI6IDE2MDg1NTUxNjYuMzI2OTc3fQ=='),(222,'2020-12-21 21:18:37.844798','eyJzdHVkZW50X2lkIjogIjMxMDAwMDEiLCAiY291cnNlX2lkIjogIjMiLCAidGltZSI6IDE2MDg1NTY3MTcuODQ0NTcxOH0='),(223,'2020-12-21 22:39:49.212211','eyJzdHVkZW50X2lkIjogIjMxMDAwMDEiLCAiY291cnNlX2lkIjogMywgInRpbWUiOiAxNjA4NTYxNTg5LjIxMjA4MDJ9'),(224,'2020-12-21 23:06:23.299465','eyJzdHVkZW50X2lkIjogIjMxMDAwMDEiLCAiY291cnNlX2lkIjogMywgInRpbWUiOiAxNjA4NTYzMTgzLjI5OTIxOH0='),(225,'2020-12-22 01:19:15.915237','eyJzdHVkZW50X2lkIjogIjMxMDAwMDEiLCAiY291cnNlX2lkIjogMywgInRpbWUiOiAxNjA4NTcxMTU1LjkxNTE0OH0='),(226,'2020-12-22 20:54:08.511932','eyJzdHVkZW50X2lkIjogIjMxMDAwMDEiLCAiY291cnNlX2lkIjogIjMiLCAidGltZSI6IDE2MDg2NDE2NDguNTExOTMyOH0='),(227,'2020-12-22 20:54:23.923344','eyJzdHVkZW50X2lkIjogIjMxMDAwMDEiLCAiY291cnNlX2lkIjogIjMiLCAidGltZSI6IDE2MDg2NDE2NjMuOTIzMzQ0OX0='),(228,'2020-12-22 21:00:02.025885','eyJzdHVkZW50X2lkIjogIjMxMDAwMDEiLCAiY291cnNlX2lkIjogIjEiLCAidGltZSI6IDE2MDg2NDIwMDIuMDI1ODg0OX0='),(229,'2020-12-22 21:00:05.411324','eyJzdHVkZW50X2lkIjogIjMxMDAwMDEiLCAiY291cnNlX2lkIjogIjEiLCAidGltZSI6IDE2MDg2NDIwMDUuNDExMzIzOH0='),(230,'2020-12-23 00:04:11.257201','eyJzdHVkZW50X2lkIjogIjMxMDAwMDEiLCAiY291cnNlX2lkIjogMywgInRpbWUiOiAxNjA4NjUzMDUxLjI1Njk3OH0='),(231,'2020-12-23 00:08:17.049622','eyJzdHVkZW50X2lkIjogIjMxMDAwMDEiLCAiY291cnNlX2lkIjogMywgInRpbWUiOiAxNjA4NjUzMjk3LjA0OTQ3fQ=='),(232,'2020-12-23 00:10:15.752222','eyJzdHVkZW50X2lkIjogIjMxMDAwMDEiLCAiY291cnNlX2lkIjogMywgInRpbWUiOiAxNjA4NjUzNDE1Ljc1MjE1MX0='),(233,'2020-12-23 00:12:37.479775','eyJzdHVkZW50X2lkIjogIjMxMDAwMDEiLCAiY291cnNlX2lkIjogMywgInRpbWUiOiAxNjA4NjUzNTU3LjQ3OTY4NTh9'),(234,'2020-12-23 00:15:06.519194','eyJzdHVkZW50X2lkIjogIjMxMDAwMDEiLCAiY291cnNlX2lkIjogMywgInRpbWUiOiAxNjA4NjUzNzA2LjUxOTEyNn0='),(235,'2020-12-23 00:18:35.601654','eyJzdHVkZW50X2lkIjogIjMxMDAwMDEiLCAiY291cnNlX2lkIjogMywgInRpbWUiOiAxNjA4NjUzOTE1LjYwMTU4M30='),(236,'2020-12-23 00:23:10.027814','eyJzdHVkZW50X2lkIjogIjMxMDAwMDEiLCAiY291cnNlX2lkIjogMywgInRpbWUiOiAxNjA4NjU0MTkwLjAyNzc0NH0='),(237,'2020-12-23 00:36:18.489240','eyJzdHVkZW50X2lkIjogIjMxMDAwMDEiLCAiY291cnNlX2lkIjogMywgInRpbWUiOiAxNjA4NjU0OTc4LjQ4OTExMX0='),(238,'2020-12-23 02:18:39.441092','eyJzdHVkZW50X2lkIjogIjMxMDAwMDEiLCAiY291cnNlX2lkIjogMywgInRpbWUiOiAxNjA4NjYxMTE5LjQzODA0Nn0='),(239,'2020-12-23 17:24:59.126788','eyJzdHVkZW50X2lkIjogIjMxMDAwMDEiLCAiY291cnNlX2lkIjogMywgInRpbWUiOiAxNjA4NzE1NDk5LjEyNjc4ODl9'),(240,'2020-12-23 17:27:08.921709','eyJzdHVkZW50X2lkIjogIjMxMDAwMDEiLCAiY291cnNlX2lkIjogMywgInRpbWUiOiAxNjA4NzE1NjI4LjkyMTA5MzJ9'),(241,'2020-12-23 17:28:08.069016','eyJzdHVkZW50X2lkIjogIjMxMDAwMDEiLCAiY291cnNlX2lkIjogMywgInRpbWUiOiAxNjA4NzE1Njg4LjA2OTAxNjJ9'),(242,'2020-12-23 17:30:27.246275','eyJzdHVkZW50X2lkIjogIjMxMDAwMDEiLCAiY291cnNlX2lkIjogMywgInRpbWUiOiAxNjA4NzE1ODI3LjI0NjI3Nn0='),(243,'2020-12-23 17:30:27.420813','eyJzdHVkZW50X2lkIjogIjMxMDAwMDEiLCAiY291cnNlX2lkIjogMywgInRpbWUiOiAxNjA4NzE1ODI3LjQyMDgxMzZ9'),(244,'2020-12-23 17:32:56.602256','eyJzdHVkZW50X2lkIjogIjMxMDAwMDEiLCAiY291cnNlX2lkIjogMywgInRpbWUiOiAxNjA4NzE1OTc2LjYwMjI1Nn0='),(245,'2020-12-23 19:03:03.180029','eyJzdHVkZW50X2lkIjogIjMxMDAwMDEiLCAiY291cnNlX2lkIjogMywgInRpbWUiOiAxNjA4NzIxMzgzLjE3NDkyMzd9'),(246,'2020-12-23 22:35:42.305997','eyJzdHVkZW50X2lkIjogIjMxMDAwMDEiLCAiY291cnNlX2lkIjogMSwgInRpbWUiOiAxNjA4NzM0MTQyLjMwNTk5NzF9'),(247,'2020-12-23 22:35:44.211022','eyJzdHVkZW50X2lkIjogIjMxMDAwMDEiLCAiY291cnNlX2lkIjogMSwgInRpbWUiOiAxNjA4NzM0MTQ0LjIxMDAyMDV9'),(248,'2020-12-23 22:35:49.066538','eyJzdHVkZW50X2lkIjogIjMxMDAwMDEiLCAiY291cnNlX2lkIjogMSwgInRpbWUiOiAxNjA4NzM0MTQ5LjA2NjUzODh9'),(249,'2020-12-23 22:35:49.249338','eyJzdHVkZW50X2lkIjogIjMxMDAwMDEiLCAiY291cnNlX2lkIjogMSwgInRpbWUiOiAxNjA4NzM0MTQ5LjI0OTMzODl9'),(250,'2020-12-23 22:35:49.416414','eyJzdHVkZW50X2lkIjogIjMxMDAwMDEiLCAiY291cnNlX2lkIjogMSwgInRpbWUiOiAxNjA4NzM0MTQ5LjQxNjQxNDd9'),(251,'2020-12-23 22:36:07.460881','eyJzdHVkZW50X2lkIjogIjMxMDAwMDEiLCAiY291cnNlX2lkIjogMywgInRpbWUiOiAxNjA4NzM0MTY3LjQ2MDg4Mn0='),(252,'2020-12-23 22:36:35.901640','eyJzdHVkZW50X2lkIjogIjMxMDAwMDEiLCAiY291cnNlX2lkIjogMSwgInRpbWUiOiAxNjA4NzM0MTk1LjkwMTY0MDd9'),(253,'2020-12-23 22:48:31.703333','eyJzdHVkZW50X2lkIjogIjMxMDAwMDEiLCAiY291cnNlX2lkIjogMywgInRpbWUiOiAxNjA4NzM0OTExLjcwMzMzMzF9'),(254,'2020-12-23 22:49:27.721453','eyJzdHVkZW50X2lkIjogIjMxMDAwMDEiLCAiY291cnNlX2lkIjogMywgInRpbWUiOiAxNjA4NzM0OTY3LjcyMTQ1MzR9'),(255,'2020-12-23 22:52:12.375590','eyJzdHVkZW50X2lkIjogIjMxMDAwMDEiLCAiY291cnNlX2lkIjogMywgInRpbWUiOiAxNjA4NzM1MTMyLjM3NTU5MDh9'),(256,'2020-12-23 22:52:26.545611','eyJzdHVkZW50X2lkIjogIjMxMDAwMDEiLCAiY291cnNlX2lkIjogMywgInRpbWUiOiAxNjA4NzM1MTQ2LjU0NTYxMTR9'),(257,'2020-12-23 22:52:28.967896','eyJzdHVkZW50X2lkIjogIjMxMDAwMDEiLCAiY291cnNlX2lkIjogMywgInRpbWUiOiAxNjA4NzM1MTQ4Ljk2Nzg5NjV9'),(258,'2020-12-23 22:52:33.164902','eyJzdHVkZW50X2lkIjogIjMxMDAwMDEiLCAiY291cnNlX2lkIjogMywgInRpbWUiOiAxNjA4NzM1MTUzLjE2MzkwNDd9'),(259,'2020-12-23 22:52:34.680440','eyJzdHVkZW50X2lkIjogIjMxMDAwMDEiLCAiY291cnNlX2lkIjogMywgInRpbWUiOiAxNjA4NzM1MTU0LjY4MDQ0MDd9'),(260,'2020-12-23 22:52:34.813527','eyJzdHVkZW50X2lkIjogIjMxMDAwMDEiLCAiY291cnNlX2lkIjogMywgInRpbWUiOiAxNjA4NzM1MTU0LjgxMzUyNzh9'),(261,'2020-12-23 22:52:36.411760','eyJzdHVkZW50X2lkIjogIjMxMDAwMDEiLCAiY291cnNlX2lkIjogMywgInRpbWUiOiAxNjA4NzM1MTU2LjQxMTc2fQ=='),(262,'2020-12-23 22:52:36.549836','eyJzdHVkZW50X2lkIjogIjMxMDAwMDEiLCAiY291cnNlX2lkIjogMywgInRpbWUiOiAxNjA4NzM1MTU2LjU0ODg4OX0='),(263,'2020-12-23 22:52:54.520726','eyJzdHVkZW50X2lkIjogIjMxMDAwMDEiLCAiY291cnNlX2lkIjogMywgInRpbWUiOiAxNjA4NzM1MTc0LjUyMDcyNjR9'),(264,'2020-12-23 22:52:59.866837','eyJzdHVkZW50X2lkIjogIjMxMDAwMDEiLCAiY291cnNlX2lkIjogMywgInRpbWUiOiAxNjA4NzM1MTc5Ljg2NTc5N30='),(265,'2020-12-23 22:53:29.742647','eyJzdHVkZW50X2lkIjogIjMxMDAwMDEiLCAiY291cnNlX2lkIjogMywgInRpbWUiOiAxNjA4NzM1MjA5Ljc0MjY0NzR9'),(266,'2020-12-23 22:53:37.978914','eyJzdHVkZW50X2lkIjogIjMxMDAwMDEiLCAiY291cnNlX2lkIjogMywgInRpbWUiOiAxNjA4NzM1MjE3Ljk3NzkyMzZ9'),(267,'2020-12-23 22:54:03.199752','eyJzdHVkZW50X2lkIjogIjMxMDAwMDEiLCAiY291cnNlX2lkIjogMywgInRpbWUiOiAxNjA4NzM1MjQzLjE5OTc1Mjh9'),(268,'2020-12-23 23:13:32.924337','eyJzdHVkZW50X2lkIjogIjMxMDAwMDEiLCAiY291cnNlX2lkIjogMywgInRpbWUiOiAxNjA4NzM2NDEyLjkyNDMzNzR9'),(269,'2020-12-23 23:41:25.300620','eyJzdHVkZW50X2lkIjogIjMxMDAwMDEiLCAiY291cnNlX2lkIjogMywgInRpbWUiOiAxNjA4NzM4MDg1LjI5OTk2MjV9'),(270,'2020-12-23 23:43:33.365140','eyJzdHVkZW50X2lkIjogIjMxMDAwMDEiLCAiY291cnNlX2lkIjogMywgInRpbWUiOiAxNjA4NzM4MjEzLjM2NTE0MDd9'),(271,'2020-12-23 23:53:38.595239','eyJzdHVkZW50X2lkIjogIjMxMDAwMDEiLCAiY291cnNlX2lkIjogIjEwIiwgInRpbWUiOiAxNjA4NzM4ODE4LjU5NTIzOTl9'),(272,'2020-12-23 23:54:33.096946','eyJzdHVkZW50X2lkIjogIjMxMDAwMDEiLCAiY291cnNlX2lkIjogIjUiLCAidGltZSI6IDE2MDg3Mzg4NzMuMDk2OTQ2N30='),(273,'2020-12-23 23:57:34.987831','eyJzdHVkZW50X2lkIjogIjMxMDAwMDEiLCAiY291cnNlX2lkIjogMywgInRpbWUiOiAxNjA4NzM5MDU0Ljk4NzgzMTR9'),(274,'2020-12-24 00:38:06.113187','eyJzdHVkZW50X2lkIjogIjMxMDAwMDEiLCAiY291cnNlX2lkIjogNSwgInRpbWUiOiAxNjA4NzQxNDg2LjExMzE4N30='),(275,'2020-12-24 02:45:23.952672','eyJzdHVkZW50X2lkIjogIjMxMDAwMDEiLCAiY291cnNlX2lkIjogIjEwIiwgInRpbWUiOiAxNjA4NzQ5MTIzLjk1MjY3MjV9'),(276,'2020-12-24 22:53:05.671744','eyJzdHVkZW50X2lkIjogIjMxMDAwMDEiLCAiY291cnNlX2lkIjogMywgInRpbWUiOiAxNjA4ODIxNTg1LjY3MTYzOX0='),(277,'2020-12-24 23:00:03.150378','eyJzdHVkZW50X2lkIjogIjMxMDAwMDEiLCAiY291cnNlX2lkIjogMywgInRpbWUiOiAxNjA4ODIyMDAzLjE1MDMwODF9'),(278,'2020-12-24 23:04:57.372012','eyJzdHVkZW50X2lkIjogIjMxMDAwMDEiLCAiY291cnNlX2lkIjogMywgInRpbWUiOiAxNjA4ODIyMjk3LjM3MTg1OH0='),(279,'2020-12-24 23:11:25.199751','eyJzdHVkZW50X2lkIjogIjMxMDAwMDEiLCAiY291cnNlX2lkIjogMywgInRpbWUiOiAxNjA4ODIyNjg1LjE5OTY0MjJ9'),(280,'2020-12-25 00:00:33.545080','eyJzdHVkZW50X2lkIjogIjMxMDAwMDEiLCAiY291cnNlX2lkIjogMywgInRpbWUiOiAxNjA4ODI1NjMzLjU0NDkzNX0=');
/*!40000 ALTER TABLE `operations_key` ENABLE KEYS */;
UNLOCK TABLES;

--
-- Table structure for table `operations_participantevent`
--

DROP TABLE IF EXISTS `operations_participantevent`;
/*!40101 SET @saved_cs_client     = @@character_set_client */;
/*!50503 SET character_set_client = utf8mb4 */;
CREATE TABLE `operations_participantevent` (
  `id` int(11) NOT NULL AUTO_INCREMENT,
  `add_time` datetime(6) NOT NULL,
  `end_time` datetime(6) NOT NULL,
  `start_time` datetime(6) NOT NULL,
  `event_id_id` int(11) NOT NULL,
  `group_id` int(11) NOT NULL,
  PRIMARY KEY (`id`),
  KEY `operations_participa_event_id_id_ec9bdc12_fk_operation` (`event_id_id`),
  KEY `operations_participa_user_id_929abe6f_fk_users_use` (`group_id`),
  CONSTRAINT `operations_participa_event_id_id_ec9bdc12_fk_operation` FOREIGN KEY (`event_id_id`) REFERENCES `operations_event` (`id`),
  CONSTRAINT `operations_participa_user_id_929abe6f_fk_users_use` FOREIGN KEY (`group_id`) REFERENCES `groups_grouporg` (`id`)
) ENGINE=InnoDB AUTO_INCREMENT=2 DEFAULT CHARSET=utf8;
/*!40101 SET character_set_client = @saved_cs_client */;

--
-- Dumping data for table `operations_participantevent`
--

LOCK TABLES `operations_participantevent` WRITE;
/*!40000 ALTER TABLE `operations_participantevent` DISABLE KEYS */;
INSERT INTO `operations_participantevent` VALUES (1,'2020-12-18 21:52:44.845419','2020-12-19 00:11:59.000000','2020-12-19 00:00:00.000000',8,14);
/*!40000 ALTER TABLE `operations_participantevent` ENABLE KEYS */;
UNLOCK TABLES;

--
-- Table structure for table `operations_projectattachment`
--

DROP TABLE IF EXISTS `operations_projectattachment`;
/*!40101 SET @saved_cs_client     = @@character_set_client */;
/*!50503 SET character_set_client = utf8mb4 */;
CREATE TABLE `operations_projectattachment` (
  `id` int(11) NOT NULL AUTO_INCREMENT,
  `add_time` datetime(6) NOT NULL,
  `file_path` varchar(200) NOT NULL,
  `event_id` int(11) NOT NULL,
  `group_id` int(11) NOT NULL,
  `project_id` int(11) NOT NULL,
  `user_id` int(11) NOT NULL,
  PRIMARY KEY (`id`),
  KEY `operations_projectat_event_id_4144d37f_fk_operation` (`event_id`),
  KEY `operations_projectat_group_id_1c4a9d79_fk_groups_gr` (`group_id`),
  KEY `operations_projectat_project_id_a2035646_fk_projects_` (`project_id`),
  KEY `operations_projectat_user_id_333f53dd_fk_users_use` (`user_id`),
  CONSTRAINT `operations_projectat_event_id_4144d37f_fk_operation` FOREIGN KEY (`event_id`) REFERENCES `operations_event` (`id`),
  CONSTRAINT `operations_projectat_group_id_1c4a9d79_fk_groups_gr` FOREIGN KEY (`group_id`) REFERENCES `groups_grouporg` (`id`),
  CONSTRAINT `operations_projectat_project_id_a2035646_fk_projects_` FOREIGN KEY (`project_id`) REFERENCES `projects_project` (`id`),
  CONSTRAINT `operations_projectat_user_id_333f53dd_fk_users_use` FOREIGN KEY (`user_id`) REFERENCES `users_userprofile` (`id`)
) ENGINE=InnoDB AUTO_INCREMENT=22 DEFAULT CHARSET=utf8;
/*!40101 SET character_set_client = @saved_cs_client */;

--
-- Dumping data for table `operations_projectattachment`
--

LOCK TABLES `operations_projectattachment` WRITE;
/*!40000 ALTER TABLE `operations_projectattachment` DISABLE KEYS */;
INSERT INTO `operations_projectattachment` VALUES (8,'2020-12-23 23:13:34.042719','file/CS301 File/Testing Partition Announcement/zjs.pub',59,8,38,88),(9,'2020-12-23 23:57:36.050254','file/CS301 File/Demo File Partition/FlyMcuConfig.ini',62,8,38,88),(10,'2020-12-24 00:38:11.153516','file/sdf/testpulla/zzzzzzzz.jpg',63,8,43,88);
/*!40000 ALTER TABLE `operations_projectattachment` ENABLE KEYS */;
UNLOCK TABLES;

--
-- Table structure for table `operations_projectcomment`
--

DROP TABLE IF EXISTS `operations_projectcomment`;
/*!40101 SET @saved_cs_client     = @@character_set_client */;
/*!50503 SET character_set_client = utf8mb4 */;
CREATE TABLE `operations_projectcomment` (
  `id` int(11) NOT NULL AUTO_INCREMENT,
  `add_time` datetime(6) NOT NULL,
  `comments` varchar(200) NOT NULL,
  `floor` varchar(200) NOT NULL,
  `project_name_id` int(11) NOT NULL,
  `user_name_id` int(11) NOT NULL,
  PRIMARY KEY (`id`),
  KEY `operations_projectco_project_name_id_c0890e57_fk_projects_` (`project_name_id`),
  KEY `operations_projectco_user_name_id_d9637c60_fk_users_use` (`user_name_id`),
  CONSTRAINT `operations_projectco_project_name_id_c0890e57_fk_projects_` FOREIGN KEY (`project_name_id`) REFERENCES `projects_project` (`id`),
  CONSTRAINT `operations_projectco_user_name_id_d9637c60_fk_users_use` FOREIGN KEY (`user_name_id`) REFERENCES `users_userprofile` (`id`)
) ENGINE=InnoDB AUTO_INCREMENT=7 DEFAULT CHARSET=utf8;
/*!40101 SET character_set_client = @saved_cs_client */;

--
-- Dumping data for table `operations_projectcomment`
--

LOCK TABLES `operations_projectcomment` WRITE;
/*!40000 ALTER TABLE `operations_projectcomment` DISABLE KEYS */;
INSERT INTO `operations_projectcomment` VALUES (1,'2020-12-11 23:31:55.030917','test','request,14,test',4,2),(2,'2020-12-12 00:52:37.407561','a','apply,Null,a',1,2),(3,'2020-12-13 16:45:19.744515','Demo Introduction.','apply,Null,Demo Title',1,87),(4,'2020-12-17 01:55:43.703136','test','request,5,test',5,2),(5,'2020-12-22 21:32:27.947698','sss','request,37,sss',41,2),(6,'2020-12-25 01:23:37.234397','This is the content.','request,16,This is to test AD.',38,2);
/*!40000 ALTER TABLE `operations_projectcomment` ENABLE KEYS */;
UNLOCK TABLES;

--
-- Table structure for table `operations_projectfile`
--

DROP TABLE IF EXISTS `operations_projectfile`;
/*!40101 SET @saved_cs_client     = @@character_set_client */;
/*!50503 SET character_set_client = utf8mb4 */;
CREATE TABLE `operations_projectfile` (
  `id` int(11) NOT NULL AUTO_INCREMENT,
  `add_time` datetime(6) NOT NULL,
  `file_path` varchar(200) NOT NULL,
  `project_id` int(11) NOT NULL,
  PRIMARY KEY (`id`),
  KEY `operations_projectat_project_id_a12345678_fk_projects_` (`project_id`),
  CONSTRAINT `operations_projectat_project_id_a12345678_fk_projects_` FOREIGN KEY (`project_id`) REFERENCES `projects_project` (`id`)
) ENGINE=InnoDB AUTO_INCREMENT=9 DEFAULT CHARSET=utf8;
/*!40101 SET character_set_client = @saved_cs_client */;

--
-- Dumping data for table `operations_projectfile`
--

LOCK TABLES `operations_projectfile` WRITE;
/*!40000 ALTER TABLE `operations_projectfile` DISABLE KEYS */;
INSERT INTO `operations_projectfile` VALUES (1,'2020-12-19 20:33:14.232742','asd',1),(4,'2020-12-21 01:35:40.487041','file/yfvhvhvhjvh/TypeEasy.exe',34),(5,'2020-12-21 01:41:49.939495','file/123/zzzzzzzz.jpg',35),(6,'2020-12-21 01:41:49.984377','file/123/恩格斯：家庭、私有制与国家的起源.pdf',35),(7,'2020-12-21 20:22:20.904371','file/Demo File/CS303A Homework 2.pdf',36),(8,'2020-12-21 21:18:40.689889','file/CS301 File/redis.conf',38);
/*!40000 ALTER TABLE `operations_projectfile` ENABLE KEYS */;
UNLOCK TABLES;

--
-- Table structure for table `operations_projectgrades`
--

DROP TABLE IF EXISTS `operations_projectgrades`;
/*!40101 SET @saved_cs_client     = @@character_set_client */;
/*!50503 SET character_set_client = utf8mb4 */;
CREATE TABLE `operations_projectgrades` (
  `id` int(11) NOT NULL AUTO_INCREMENT,
  `add_time` datetime(6) NOT NULL,
  `grade` float NOT NULL,
  `comment` longtext NOT NULL,
  `event_id` int(11) NOT NULL,
  `group_id` int(11) NOT NULL,
  PRIMARY KEY (`id`),
  KEY `operations_projectgr_project_id_02ca644c_fk_projects_` (`event_id`),
  KEY `operations_projectgr_user_id_90831227_fk_users_use` (`group_id`),
  CONSTRAINT `operations_projectgr_user_id_90831227_fk_users_use` FOREIGN KEY (`group_id`) REFERENCES `groups_grouporg` (`id`),
  CONSTRAINT `operations_projectgrades_operations_event_id_fk` FOREIGN KEY (`event_id`) REFERENCES `operations_event` (`id`)
) ENGINE=InnoDB AUTO_INCREMENT=3 DEFAULT CHARSET=utf8;
/*!40101 SET character_set_client = @saved_cs_client */;

--
-- Dumping data for table `operations_projectgrades`
--

LOCK TABLES `operations_projectgrades` WRITE;
/*!40000 ALTER TABLE `operations_projectgrades` DISABLE KEYS */;
INSERT INTO `operations_projectgrades` VALUES (1,'2020-12-22 00:10:59.896372',99,'There is no feedback.',21,16);
/*!40000 ALTER TABLE `operations_projectgrades` ENABLE KEYS */;
UNLOCK TABLES;

--
-- Table structure for table `operations_tag`
--

DROP TABLE IF EXISTS `operations_tag`;
/*!40101 SET @saved_cs_client     = @@character_set_client */;
/*!50503 SET character_set_client = utf8mb4 */;
CREATE TABLE `operations_tag` (
  `id` int(11) NOT NULL AUTO_INCREMENT,
  `add_time` datetime(6) NOT NULL,
  `tag` varchar(50) NOT NULL,
  `type` varchar(50) NOT NULL,
  PRIMARY KEY (`id`)
) ENGINE=InnoDB AUTO_INCREMENT=16 DEFAULT CHARSET=utf8;
/*!40101 SET character_set_client = @saved_cs_client */;

--
-- Dumping data for table `operations_tag`
--

LOCK TABLES `operations_tag` WRITE;
/*!40000 ALTER TABLE `operations_tag` DISABLE KEYS */;
INSERT INTO `operations_tag` VALUES (1,'2020-11-23 11:02:18.000000','Django','框架'),(2,'2020-11-23 11:02:24.000000','Vue','框架'),(3,'2020-11-23 11:02:33.000000','Unity','软件'),(4,'2020-11-23 11:02:53.000000','Unreal4','软件'),(5,'2020-11-23 11:03:29.000000','OpenGL','库'),(6,'2020-11-23 11:03:35.000000','OpenCV','库'),(7,'2020-11-23 11:04:32.000000','Java','语言'),(8,'2020-11-23 11:04:48.000000','Python','语言'),(9,'2020-11-23 11:05:00.000000','C++','语言'),(10,'2020-11-23 11:05:35.000000','C#','语言'),(11,'2020-11-23 11:05:45.000000','C','语言'),(12,'2020-11-23 11:06:19.000000','Vivado','软件'),(13,'2020-11-22 21:03:08.000000','SpringBoot','框架'),(14,'2020-12-22 20:09:30.187171','ddd','新增'),(15,'2020-12-23 23:32:53.940002','ssssa','新增');
/*!40000 ALTER TABLE `operations_tag` ENABLE KEYS */;
UNLOCK TABLES;

--
-- Table structure for table `operations_usercomment`
--

DROP TABLE IF EXISTS `operations_usercomment`;
/*!40101 SET @saved_cs_client     = @@character_set_client */;
/*!50503 SET character_set_client = utf8mb4 */;
CREATE TABLE `operations_usercomment` (
  `id` int(11) NOT NULL AUTO_INCREMENT,
  `add_time` datetime(6) NOT NULL,
  `comments` varchar(200) NOT NULL,
  `group_name_id` int(11) NOT NULL,
  `user_name_id` int(11) NOT NULL,
  PRIMARY KEY (`id`),
  KEY `operations_usercomme_group_name_id_c6b9b315_fk_groups_gr` (`group_name_id`),
  KEY `operations_usercomme_user_name_id_4c9ba586_fk_users_use` (`user_name_id`),
  CONSTRAINT `operations_usercomme_group_name_id_c6b9b315_fk_groups_gr` FOREIGN KEY (`group_name_id`) REFERENCES `groups_grouporg` (`id`),
  CONSTRAINT `operations_usercomme_user_name_id_4c9ba586_fk_users_use` FOREIGN KEY (`user_name_id`) REFERENCES `users_userprofile` (`id`)
) ENGINE=InnoDB DEFAULT CHARSET=utf8;
/*!40101 SET character_set_client = @saved_cs_client */;

--
-- Dumping data for table `operations_usercomment`
--

LOCK TABLES `operations_usercomment` WRITE;
/*!40000 ALTER TABLE `operations_usercomment` DISABLE KEYS */;
/*!40000 ALTER TABLE `operations_usercomment` ENABLE KEYS */;
UNLOCK TABLES;

--
-- Table structure for table `operations_usercourse`
--

DROP TABLE IF EXISTS `operations_usercourse`;
/*!40101 SET @saved_cs_client     = @@character_set_client */;
/*!50503 SET character_set_client = utf8mb4 */;
CREATE TABLE `operations_usercourse` (
  `id` int(11) NOT NULL AUTO_INCREMENT,
  `add_time` datetime(6) NOT NULL,
  `lab` varchar(1) NOT NULL,
  `course_name_id` int(11) NOT NULL,
  `user_name_id` int(11) NOT NULL,
  PRIMARY KEY (`id`),
  KEY `operations_usercours_course_name_id_28716903_fk_courses_c` (`course_name_id`),
  KEY `operations_usercours_user_name_id_b880ed01_fk_users_use` (`user_name_id`),
  CONSTRAINT `operations_usercours_course_name_id_28716903_fk_courses_c` FOREIGN KEY (`course_name_id`) REFERENCES `courses_course` (`id`),
  CONSTRAINT `operations_usercours_user_name_id_b880ed01_fk_users_use` FOREIGN KEY (`user_name_id`) REFERENCES `users_userprofile` (`id`)
) ENGINE=InnoDB AUTO_INCREMENT=721 DEFAULT CHARSET=utf8;
/*!40101 SET character_set_client = @saved_cs_client */;

--
-- Dumping data for table `operations_usercourse`
--

LOCK TABLES `operations_usercourse` WRITE;
/*!40000 ALTER TABLE `operations_usercourse` DISABLE KEYS */;
INSERT INTO `operations_usercourse` VALUES (1,'2020-11-22 21:44:01.000000','1',3,24),(2,'2020-11-22 21:44:38.000000','3',2,75),(3,'2020-11-22 21:44:39.000000','1',4,15),(4,'2020-11-22 21:44:40.000000','1',2,9),(5,'2020-11-22 21:44:41.000000','2',2,84),(6,'2020-11-22 21:44:41.000000','3',4,75),(7,'2020-11-22 21:44:42.000000','2',4,63),(8,'2020-11-22 21:44:43.000000','1',2,79),(9,'2020-11-22 21:44:44.000000','1',2,3),(10,'2020-11-22 21:44:45.000000','1',3,19),(11,'2020-11-22 21:44:46.000000','2',1,76),(12,'2020-11-22 21:44:46.000000','1',4,20),(13,'2020-11-22 21:44:54.000000','2',1,8),(14,'2020-11-22 21:44:54.000000','3',2,13),(15,'2020-11-22 21:44:56.000000','2',1,59),(16,'2020-11-22 21:44:57.000000','1',3,78),(18,'2020-11-22 21:45:51.000000','1',2,68),(19,'2020-11-22 21:45:52.000000','3',3,76),(20,'2020-11-22 21:45:53.000000','3',4,45),(21,'2020-11-22 21:45:54.000000','3',2,69),(24,'2020-11-22 21:45:56.000000','2',4,78),(25,'2020-11-22 21:45:57.000000','1',1,19),(26,'2020-11-22 21:45:57.000000','2',3,53),(27,'2020-12-02 16:14:17.000000','1',2,2),(28,'2020-12-02 16:14:42.000000','1',1,2),(29,'2020-12-03 20:30:40.000000','1',2,4),(30,'2020-12-03 20:36:07.000000','1',1,5),(31,'2020-12-03 20:39:41.000000','1',3,2),(32,'2020-12-03 20:43:36.000000','1',3,3),(33,'2020-12-03 20:43:36.000000','1',3,4),(34,'2020-12-03 20:43:36.000000','1',3,5),(35,'2020-12-12 23:41:00.000000','0',1,87),(36,'2020-12-12 23:41:00.000000','0',1,88),(37,'2020-12-12 23:41:00.000000','0',2,88),(38,'2020-12-12 23:41:00.000000','0',3,88),(39,'2020-12-12 23:41:00.000000','0',4,88),(40,'2020-12-12 23:41:00.000000','0',5,88),(41,'2020-12-12 23:41:00.000000','0',10,88),(42,'2020-12-12 23:41:00.000000','0',6,89),(43,'2020-12-12 23:41:00.000000','0',7,89),(44,'2020-12-12 23:41:00.000000','0',8,89),(45,'2020-12-12 23:41:00.000000','0',9,89),(46,'2020-12-12 23:41:00.000000','0',11,89),(393,'2020-11-22 21:44:45.000000','1',9,2),(394,'2020-11-22 21:44:45.000000','3',4,2),(395,'2020-11-22 21:44:45.000000','3',10,2),(396,'2020-11-22 21:44:45.000000','2',1,3),(398,'2020-11-22 21:44:45.000000','2',4,3),(399,'2020-11-22 21:44:45.000000','2',4,4),(400,'2020-11-22 21:44:45.000000','2',5,4),(401,'2020-11-22 21:44:45.000000','1',6,4),(403,'2020-11-22 21:44:45.000000','2',2,5),(404,'2020-11-22 21:44:45.000000','1',6,5),(405,'2020-11-22 21:44:45.000000','2',5,5),(406,'2020-11-22 21:44:45.000000','3',8,6),(407,'2020-11-22 21:44:45.000000','3',3,6),(408,'2020-11-22 21:44:45.000000','1',2,6),(409,'2020-11-22 21:44:45.000000','1',8,7),(410,'2020-11-22 21:44:45.000000','2',5,7),(411,'2020-11-22 21:44:45.000000','2',4,7),(412,'2020-11-22 21:44:45.000000','2',3,8),(413,'2020-11-22 21:44:45.000000','2',6,8),(415,'2020-11-22 21:44:45.000000','3',4,9),(416,'2020-11-22 21:44:45.000000','3',10,9),(418,'2020-11-22 21:44:45.000000','1',6,10),(419,'2020-11-22 21:44:45.000000','1',3,10),(420,'2020-11-22 21:44:45.000000','2',5,10),(421,'2020-11-22 21:44:45.000000','1',6,11),(422,'2020-11-22 21:44:45.000000','1',3,11),(423,'2020-11-22 21:44:45.000000','3',8,11),(424,'2020-11-22 21:44:45.000000','1',2,11),(425,'2020-11-22 21:44:45.000000','2',5,12),(426,'2020-11-22 21:44:45.000000','2',10,12),(427,'2020-11-22 21:44:45.000000','3',9,12),(428,'2020-11-22 21:44:45.000000','1',11,12),(429,'2020-11-22 21:44:45.000000','1',9,13),(431,'2020-11-22 21:44:45.000000','2',6,13),(432,'2020-11-22 21:44:45.000000','3',8,13),(433,'2020-11-22 21:44:45.000000','1',10,13),(434,'2020-11-22 21:44:45.000000','2',6,14),(435,'2020-11-22 21:44:45.000000','1',7,14),(436,'2020-11-22 21:44:45.000000','1',11,14),(437,'2020-11-22 21:44:45.000000','3',1,14),(438,'2020-11-22 21:44:45.000000','2',8,14),(439,'2020-11-22 21:44:45.000000','3',1,15),(440,'2020-11-22 21:44:45.000000','1',7,15),(441,'2020-11-22 21:44:45.000000','2',3,15),(442,'2020-11-22 21:44:45.000000','1',10,15),(443,'2020-11-22 21:44:45.000000','3',4,16),(444,'2020-11-22 21:44:45.000000','3',5,16),(445,'2020-11-22 21:44:45.000000','2',10,16),(446,'2020-11-22 21:44:45.000000','3',9,17),(447,'2020-11-22 21:44:45.000000','1',2,17),(448,'2020-11-22 21:44:45.000000','2',3,17),(449,'2020-11-22 21:44:45.000000','1',11,18),(450,'2020-11-22 21:44:45.000000','2',7,18),(451,'2020-11-22 21:44:45.000000','1',4,18),(452,'2020-11-22 21:44:45.000000','1',7,19),(453,'2020-11-22 21:44:45.000000','1',8,19),(456,'2020-11-22 21:44:45.000000','1',11,20),(457,'2020-11-22 21:44:45.000000','1',9,20),(458,'2020-11-22 21:44:45.000000','2',8,20),(459,'2020-11-22 21:44:45.000000','3',6,20),(460,'2020-11-22 21:44:45.000000','2',4,21),(461,'2020-11-22 21:44:45.000000','3',11,21),(462,'2020-11-22 21:44:45.000000','2',10,21),(463,'2020-11-22 21:44:45.000000','1',3,22),(464,'2020-11-22 21:44:45.000000','1',10,22),(465,'2020-11-22 21:44:45.000000','1',6,22),(466,'2020-11-22 21:44:45.000000','3',1,22),(467,'2020-11-22 21:44:45.000000','1',3,23),(468,'2020-11-22 21:44:45.000000','3',10,23),(469,'2020-11-22 21:44:45.000000','3',8,23),(470,'2020-11-22 21:44:45.000000','1',9,23),(471,'2020-11-22 21:44:45.000000','1',11,24),(473,'2020-11-22 21:44:45.000000','1',6,24),(474,'2020-11-22 21:44:45.000000','1',3,25),(475,'2020-11-22 21:44:45.000000','3',8,25),(476,'2020-11-22 21:44:45.000000','2',2,25),(477,'2020-11-22 21:44:45.000000','2',8,26),(478,'2020-11-22 21:44:45.000000','3',4,26),(479,'2020-11-22 21:44:45.000000','2',3,26),(480,'2020-11-22 21:44:45.000000','2',11,27),(481,'2020-11-22 21:44:45.000000','1',7,27),(482,'2020-11-22 21:44:45.000000','3',9,27),(483,'2020-11-22 21:44:45.000000','2',2,27),(484,'2020-11-22 21:44:45.000000','3',3,28),(485,'2020-11-22 21:44:45.000000','3',7,28),(486,'2020-11-22 21:44:45.000000','3',5,28),(487,'2020-11-22 21:44:45.000000','1',1,28),(488,'2020-11-22 21:44:45.000000','3',2,29),(489,'2020-11-22 21:44:45.000000','3',5,29),(490,'2020-11-22 21:44:45.000000','1',10,29),(491,'2020-11-22 21:44:45.000000','3',7,30),(492,'2020-11-22 21:44:45.000000','2',2,30),(493,'2020-11-22 21:44:45.000000','1',8,30),(494,'2020-11-22 21:44:45.000000','3',3,30),(495,'2020-11-22 21:44:45.000000','1',6,30),(496,'2020-11-22 21:44:45.000000','2',4,31),(497,'2020-11-22 21:44:45.000000','1',9,31),(498,'2020-11-22 21:44:45.000000','1',5,31),(499,'2020-11-22 21:44:45.000000','1',8,31),(500,'2020-11-22 21:44:45.000000','2',3,32),(501,'2020-11-22 21:44:45.000000','2',9,32),(502,'2020-11-22 21:44:45.000000','2',5,32),(503,'2020-11-22 21:44:45.000000','2',1,33),(504,'2020-11-22 21:44:45.000000','3',10,33),(505,'2020-11-22 21:44:45.000000','3',11,33),(506,'2020-11-22 21:44:45.000000','3',2,34),(507,'2020-11-22 21:44:45.000000','3',3,34),(508,'2020-11-22 21:44:45.000000','3',10,34),(509,'2020-11-22 21:44:45.000000','3',9,34),(510,'2020-11-22 21:44:45.000000','3',1,35),(511,'2020-11-22 21:44:45.000000','1',5,35),(512,'2020-11-22 21:44:45.000000','3',3,35),(513,'2020-11-22 21:44:45.000000','2',6,36),(514,'2020-11-22 21:44:45.000000','3',4,36),(515,'2020-11-22 21:44:45.000000','3',3,36),(516,'2020-11-22 21:44:45.000000','3',9,37),(517,'2020-11-22 21:44:45.000000','2',6,37),(518,'2020-11-22 21:44:45.000000','2',5,37),(519,'2020-11-22 21:44:45.000000','2',3,37),(520,'2020-11-22 21:44:45.000000','2',11,38),(521,'2020-11-22 21:44:45.000000','2',1,38),(522,'2020-11-22 21:44:45.000000','3',2,38),(523,'2020-11-22 21:44:45.000000','2',5,39),(524,'2020-11-22 21:44:45.000000','3',8,39),(525,'2020-11-22 21:44:45.000000','1',11,39),(526,'2020-11-22 21:44:45.000000','3',7,39),(527,'2020-11-22 21:44:45.000000','2',1,40),(528,'2020-11-22 21:44:45.000000','1',6,40),(529,'2020-11-22 21:44:45.000000','1',11,40),(530,'2020-11-22 21:44:45.000000','3',7,41),(531,'2020-11-22 21:44:45.000000','1',4,41),(532,'2020-11-22 21:44:45.000000','2',8,41),(533,'2020-11-22 21:44:45.000000','3',11,41),(534,'2020-11-22 21:44:45.000000','3',9,41),(535,'2020-11-22 21:44:45.000000','2',6,42),(536,'2020-11-22 21:44:45.000000','2',10,42),(537,'2020-11-22 21:44:45.000000','2',4,42),(538,'2020-11-22 21:44:45.000000','3',5,42),(539,'2020-11-22 21:44:45.000000','2',3,42),(540,'2020-11-22 21:44:45.000000','1',7,42),(541,'2020-11-22 21:44:45.000000','1',8,43),(542,'2020-11-22 21:44:45.000000','3',11,43),(543,'2020-11-22 21:44:45.000000','3',7,43),(544,'2020-11-22 21:44:45.000000','2',4,43),(545,'2020-11-22 21:44:45.000000','1',4,44),(546,'2020-11-22 21:44:45.000000','1',2,44),(547,'2020-11-22 21:44:45.000000','3',1,44),(548,'2020-11-22 21:44:45.000000','3',10,44),(549,'2020-11-22 21:44:45.000000','2',2,45),(550,'2020-11-22 21:44:45.000000','3',9,45),(551,'2020-11-22 21:44:45.000000','2',11,45),(552,'2020-11-22 21:44:45.000000','3',9,46),(553,'2020-11-22 21:44:45.000000','3',3,46),(554,'2020-11-22 21:44:45.000000','3',1,46),(555,'2020-11-22 21:44:45.000000','1',5,47),(556,'2020-11-22 21:44:45.000000','2',7,47),(557,'2020-11-22 21:44:45.000000','3',9,47),(558,'2020-11-22 21:44:45.000000','1',2,47),(559,'2020-11-22 21:44:45.000000','1',9,48),(560,'2020-11-22 21:44:45.000000','1',4,48),(561,'2020-11-22 21:44:45.000000','2',5,48),(562,'2020-11-22 21:44:45.000000','3',11,48),(563,'2020-11-22 21:44:45.000000','2',7,49),(564,'2020-11-22 21:44:45.000000','1',10,49),(565,'2020-11-22 21:44:45.000000','2',8,49),(566,'2020-11-22 21:44:45.000000','3',9,49),(567,'2020-11-22 21:44:45.000000','1',3,49),(568,'2020-11-22 21:44:45.000000','2',5,50),(569,'2020-11-22 21:44:45.000000','2',3,50),(570,'2020-11-22 21:44:45.000000','3',9,50),(571,'2020-11-22 21:44:45.000000','2',10,50),(572,'2020-11-22 21:44:45.000000','1',5,51),(573,'2020-11-22 21:44:45.000000','3',1,51),(574,'2020-11-22 21:44:45.000000','3',4,51),(575,'2020-11-22 21:44:45.000000','1',1,52),(576,'2020-11-22 21:44:45.000000','2',10,52),(577,'2020-11-22 21:44:45.000000','2',3,52),(578,'2020-11-22 21:44:45.000000','2',1,53),(579,'2020-11-22 21:44:45.000000','3',4,53),(580,'2020-11-22 21:44:45.000000','1',2,53),(581,'2020-11-22 21:44:45.000000','2',5,53),(582,'2020-11-22 21:44:45.000000','2',5,54),(583,'2020-11-22 21:44:45.000000','3',10,54),(584,'2020-11-22 21:44:45.000000','1',2,54),(585,'2020-11-22 21:44:45.000000','3',6,54),(586,'2020-11-22 21:44:45.000000','1',11,55),(587,'2020-11-22 21:44:45.000000','2',5,55),(588,'2020-11-22 21:44:45.000000','2',1,55),(589,'2020-11-22 21:44:45.000000','1',6,55),(590,'2020-11-22 21:44:45.000000','1',8,56),(591,'2020-11-22 21:44:45.000000','3',5,56),(592,'2020-11-22 21:44:45.000000','2',7,56),(593,'2020-11-22 21:44:45.000000','3',11,56),(594,'2020-11-22 21:44:45.000000','2',1,56),(595,'2020-11-22 21:44:45.000000','2',4,56),(596,'2020-11-22 21:44:45.000000','2',6,57),(597,'2020-11-22 21:44:45.000000','3',8,57),(598,'2020-11-22 21:44:45.000000','3',7,57),(599,'2020-11-22 21:44:45.000000','3',9,57),(600,'2020-11-22 21:44:45.000000','1',7,58),(601,'2020-11-22 21:44:45.000000','2',11,58),(602,'2020-11-22 21:44:45.000000','3',5,58),(603,'2020-11-22 21:44:45.000000','1',6,58),(604,'2020-11-22 21:44:45.000000','3',6,59),(605,'2020-11-22 21:44:45.000000','2',2,59),(606,'2020-11-22 21:44:45.000000','2',4,59),(607,'2020-11-22 21:44:45.000000','2',6,60),(608,'2020-11-22 21:44:45.000000','3',3,60),(609,'2020-11-22 21:44:45.000000','3',9,60),(610,'2020-11-22 21:44:45.000000','3',11,60),(611,'2020-11-22 21:44:45.000000','1',9,61),(612,'2020-11-22 21:44:45.000000','2',7,61),(613,'2020-11-22 21:44:45.000000','2',11,61),(614,'2020-11-22 21:44:45.000000','2',3,61),(615,'2020-11-22 21:44:45.000000','1',8,61),(616,'2020-11-22 21:44:45.000000','2',3,62),(617,'2020-11-22 21:44:45.000000','3',8,62),(618,'2020-11-22 21:44:45.000000','2',6,62),(619,'2020-11-22 21:44:45.000000','2',2,63),(620,'2020-11-22 21:44:45.000000','2',11,63),(621,'2020-11-22 21:44:45.000000','2',8,63),(622,'2020-11-22 21:44:45.000000','2',10,63),(623,'2020-11-22 21:44:45.000000','3',7,64),(624,'2020-11-22 21:44:45.000000','2',11,64),(625,'2020-11-22 21:44:45.000000','3',5,64),(626,'2020-11-22 21:44:45.000000','2',4,64),(627,'2020-11-22 21:44:45.000000','1',8,64),(628,'2020-11-22 21:44:45.000000','2',10,64),(629,'2020-11-22 21:44:45.000000','3',5,65),(630,'2020-11-22 21:44:45.000000','1',2,65),(631,'2020-11-22 21:44:45.000000','3',3,65),(632,'2020-11-22 21:44:45.000000','1',4,65),(633,'2020-11-22 21:44:45.000000','1',3,66),(634,'2020-11-22 21:44:45.000000','1',7,66),(635,'2020-11-22 21:44:45.000000','1',8,66),(636,'2020-11-22 21:44:45.000000','3',2,67),(637,'2020-11-22 21:44:45.000000','2',6,67),(638,'2020-11-22 21:44:45.000000','2',10,67),(639,'2020-11-22 21:44:45.000000','1',4,67),(640,'2020-11-22 21:44:45.000000','2',11,67),(641,'2020-11-22 21:44:45.000000','3',5,68),(642,'2020-11-22 21:44:45.000000','2',3,68),(643,'2020-11-22 21:44:45.000000','3',9,68),(645,'2020-11-22 21:44:45.000000','2',9,69),(646,'2020-11-22 21:44:45.000000','1',11,69),(647,'2020-11-22 21:44:45.000000','1',3,69),(648,'2020-11-22 21:44:45.000000','2',1,69),(649,'2020-11-22 21:44:45.000000','2',8,69),(650,'2020-11-22 21:44:45.000000','1',5,70),(651,'2020-11-22 21:44:45.000000','1',10,70),(652,'2020-11-22 21:44:45.000000','2',11,70),(653,'2020-11-22 21:44:45.000000','1',7,70),(654,'2020-11-22 21:44:45.000000','2',11,71),(655,'2020-11-22 21:44:45.000000','3',7,71),(656,'2020-11-22 21:44:45.000000','1',9,71),(657,'2020-11-22 21:44:45.000000','1',10,72),(658,'2020-11-22 21:44:45.000000','3',11,72),(659,'2020-11-22 21:44:45.000000','2',9,72),(660,'2020-11-22 21:44:45.000000','1',5,72),(661,'2020-11-22 21:44:45.000000','2',4,72),(662,'2020-11-22 21:44:45.000000','3',2,73),(663,'2020-11-22 21:44:45.000000','1',9,73),(664,'2020-11-22 21:44:45.000000','3',7,73),(665,'2020-11-22 21:44:45.000000','1',4,73),(666,'2020-11-22 21:44:45.000000','3',6,73),(667,'2020-11-22 21:44:45.000000','1',6,74),(668,'2020-11-22 21:44:45.000000','3',7,74),(669,'2020-11-22 21:44:45.000000','2',8,74),(670,'2020-11-22 21:44:45.000000','2',5,74),(671,'2020-11-22 21:44:45.000000','3',8,75),(672,'2020-11-22 21:44:45.000000','3',11,75),(673,'2020-11-22 21:44:45.000000','3',7,75),(674,'2020-11-22 21:44:45.000000','1',10,75),(675,'2020-11-22 21:44:45.000000','2',3,75),(676,'2020-11-22 21:44:45.000000','1',5,76),(677,'2020-11-22 21:44:45.000000','2',7,76),(678,'2020-11-22 21:44:45.000000','1',4,77),(679,'2020-11-22 21:44:45.000000','2',8,77),(680,'2020-11-22 21:44:45.000000','2',11,77),(681,'2020-11-22 21:44:45.000000','3',2,77),(682,'2020-11-22 21:44:45.000000','1',10,77),(683,'2020-11-22 21:44:45.000000','2',1,78),(684,'2020-11-22 21:44:45.000000','1',8,78),(685,'2020-11-22 21:44:45.000000','1',6,78),(686,'2020-11-22 21:44:45.000000','3',10,78),(687,'2020-11-22 21:44:45.000000','1',2,78),(688,'2020-11-22 21:44:45.000000','2',4,79),(689,'2020-11-22 21:44:45.000000','1',7,79),(690,'2020-11-22 21:44:45.000000','3',10,79),(691,'2020-11-22 21:44:45.000000','1',11,79),(692,'2020-11-22 21:44:45.000000','2',3,79),(693,'2020-11-22 21:44:45.000000','2',4,80),(694,'2020-11-22 21:44:45.000000','2',2,80),(695,'2020-11-22 21:44:45.000000','3',11,80),(696,'2020-11-22 21:44:45.000000','3',5,80),(697,'2020-11-22 21:44:45.000000','1',6,80),(698,'2020-11-22 21:44:45.000000','1',4,81),(699,'2020-11-22 21:44:45.000000','2',9,81),(700,'2020-11-22 21:44:45.000000','3',10,81),(701,'2020-11-22 21:44:45.000000','3',1,82),(702,'2020-11-22 21:44:45.000000','1',7,82),(703,'2020-11-22 21:44:45.000000','1',6,82),(704,'2020-11-22 21:44:45.000000','3',9,82),(705,'2020-11-22 21:44:45.000000','1',4,83),(706,'2020-11-22 21:44:45.000000','2',2,83),(707,'2020-11-22 21:44:45.000000','2',5,83),(709,'2020-11-22 21:44:45.000000','3',7,84),(710,'2020-11-22 21:44:45.000000','3',6,84),(711,'2020-11-22 21:44:45.000000','3',11,84),(712,'2020-11-22 21:44:45.000000','1',6,85),(713,'2020-11-22 21:44:45.000000','2',3,85),(714,'2020-11-22 21:44:45.000000','1',8,85),(715,'2020-11-22 21:44:45.000000','3',2,85),(716,'2020-11-22 21:44:45.000000','2',2,86),(717,'2020-11-22 21:44:45.000000','2',9,86),(718,'2020-11-22 21:44:45.000000','2',4,86),(719,'2020-12-23 21:48:36.693111','0',3,86),(720,'2020-12-24 20:19:29.080322','0',3,83);
/*!40000 ALTER TABLE `operations_usercourse` ENABLE KEYS */;
UNLOCK TABLES;

--
-- Table structure for table `operations_usergroup`
--

DROP TABLE IF EXISTS `operations_usergroup`;
/*!40101 SET @saved_cs_client     = @@character_set_client */;
/*!50503 SET character_set_client = utf8mb4 */;
CREATE TABLE `operations_usergroup` (
  `id` int(11) NOT NULL AUTO_INCREMENT,
  `add_time` datetime(6) NOT NULL,
  `group_name_id` int(11) NOT NULL,
  `user_name_id` int(11) NOT NULL,
  PRIMARY KEY (`id`),
  KEY `operations_usergroup_group_name_id_6722f8a9_fk_groups_gr` (`group_name_id`),
  KEY `operations_usergroup_user_name_id_f4ff34e0_fk_users_use` (`user_name_id`),
  CONSTRAINT `operations_usergroup_group_name_id_6722f8a9_fk_groups_gr` FOREIGN KEY (`group_name_id`) REFERENCES `groups_grouporg` (`id`),
  CONSTRAINT `operations_usergroup_user_name_id_f4ff34e0_fk_users_use` FOREIGN KEY (`user_name_id`) REFERENCES `users_userprofile` (`id`)
) ENGINE=InnoDB AUTO_INCREMENT=64 DEFAULT CHARSET=utf8;
/*!40101 SET character_set_client = @saved_cs_client */;

--
-- Dumping data for table `operations_usergroup`
--

LOCK TABLES `operations_usergroup` WRITE;
/*!40000 ALTER TABLE `operations_usergroup` DISABLE KEYS */;
INSERT INTO `operations_usergroup` VALUES (2,'2020-11-22 22:21:37.000000',2,3),(3,'2020-11-22 22:21:39.000000',3,3),(4,'2020-11-22 22:35:50.000000',3,9),(5,'2020-11-22 22:35:54.000000',2,9),(6,'2020-12-02 16:31:33.000000',4,2),(7,'2020-12-02 16:36:02.000000',5,2),(8,'2020-12-02 16:37:28.000000',5,4),(9,'2020-12-02 16:38:49.000000',4,4),(10,'2020-12-03 20:36:45.000000',6,5),(11,'2020-12-03 20:45:06.000000',7,3),(12,'2020-12-03 20:45:06.000000',7,4),(13,'2020-12-03 20:45:06.000000',7,5),(15,'2020-12-04 14:13:11.166838',10,2),(16,'2020-12-04 15:20:59.998461',11,2),(17,'2020-12-04 15:40:00.330939',12,2),(18,'2020-12-04 16:45:29.902508',14,2),(19,'2020-12-19 17:41:42.585152',15,2),(20,'2020-12-21 21:46:01.766595',16,2),(22,'2020-12-22 02:06:29.613070',17,15),(23,'2020-12-22 02:06:29.651030',17,36),(24,'2020-12-22 02:06:29.688782',17,25),(25,'2020-12-22 02:06:29.802818',18,52),(26,'2020-12-22 02:06:29.841348',18,26),(27,'2020-12-22 02:06:29.957158',19,78),(28,'2020-12-22 02:06:29.994263',19,17),(29,'2020-12-22 02:06:30.363304',20,8),(30,'2020-12-22 02:06:30.403388',20,34),(31,'2020-12-22 02:06:30.517007',21,10),(32,'2020-12-22 02:06:30.553987',21,62),(33,'2020-12-22 02:06:30.675932',22,30),(34,'2020-12-22 02:06:30.712217',22,79),(35,'2020-12-22 02:06:30.824910',23,23),(36,'2020-12-22 02:06:30.862153',23,37),(37,'2020-12-22 02:06:30.975649',24,68),(38,'2020-12-22 02:06:31.012454',24,85),(39,'2020-12-22 02:06:31.119396',25,19),(40,'2020-12-22 02:06:31.157665',25,46),(41,'2020-12-22 02:06:31.269471',26,42),(42,'2020-12-22 02:06:31.308205',26,6),(43,'2020-12-22 02:06:31.420672',27,66),(44,'2020-12-22 02:06:31.460986',27,28),(45,'2020-12-22 02:06:31.578212',28,53),(46,'2020-12-22 02:06:31.617507',28,60),(47,'2020-12-22 02:06:31.729190',29,65),(48,'2020-12-22 02:06:31.766887',29,50),(49,'2020-12-22 02:06:31.882726',30,32),(51,'2020-12-22 02:06:32.037330',31,76),(53,'2020-12-22 02:06:32.191924',32,24),(54,'2020-12-22 02:06:32.228013',32,75),(55,'2020-12-22 02:06:32.349366',33,49),(56,'2020-12-22 02:06:32.385603',33,5),(57,'2020-12-22 02:06:32.497049',34,35),(58,'2020-12-22 02:06:32.534435',34,61),(59,'2020-12-22 02:06:32.649080',35,22),(60,'2020-12-22 02:06:32.685555',35,4),(61,'2020-12-22 02:06:32.792412',36,69),(62,'2020-12-22 02:06:32.828744',36,11),(63,'2020-12-22 21:08:55.544099',37,2);
/*!40000 ALTER TABLE `operations_usergroup` ENABLE KEYS */;
UNLOCK TABLES;

--
-- Table structure for table `operations_userliketag`
--

DROP TABLE IF EXISTS `operations_userliketag`;
/*!40101 SET @saved_cs_client     = @@character_set_client */;
/*!50503 SET character_set_client = utf8mb4 */;
CREATE TABLE `operations_userliketag` (
  `id` int(11) NOT NULL AUTO_INCREMENT,
  `add_time` datetime(6) NOT NULL,
  `tag_id` int(11) NOT NULL,
  `user_name_id` int(11) NOT NULL,
  PRIMARY KEY (`id`),
  KEY `operations_userliketag_tag_id_6c6061ef_fk_operations_usertag_id` (`tag_id`),
  KEY `operations_userliket_user_name_id_068a5bfc_fk_users_use` (`user_name_id`),
  CONSTRAINT `operations_userliket_user_name_id_068a5bfc_fk_users_use` FOREIGN KEY (`user_name_id`) REFERENCES `users_userprofile` (`id`),
  CONSTRAINT `operations_userliketag_tag_id_6c6061ef_fk_operations_usertag_id` FOREIGN KEY (`tag_id`) REFERENCES `operations_usertag` (`id`)
) ENGINE=InnoDB AUTO_INCREMENT=67 DEFAULT CHARSET=utf8;
/*!40101 SET character_set_client = @saved_cs_client */;

--
-- Dumping data for table `operations_userliketag`
--

LOCK TABLES `operations_userliketag` WRITE;
/*!40000 ALTER TABLE `operations_userliketag` DISABLE KEYS */;
INSERT INTO `operations_userliketag` VALUES (1,'2020-11-23 16:00:20.000000',1,1),(2,'2020-11-23 16:03:14.000000',6,75),(3,'2020-11-23 16:03:15.000000',11,80),(4,'2020-11-23 16:03:16.000000',3,72),(5,'2020-11-23 16:03:20.000000',11,67),(6,'2020-11-23 16:03:21.000000',6,4),(7,'2020-11-23 16:03:22.000000',8,60),(8,'2020-12-02 16:44:48.000000',23,26),(9,'2020-12-02 16:45:30.000000',24,26),(10,'2020-12-02 16:45:45.000000',24,27),(36,'2020-12-06 17:51:29.047229',2,2),(41,'2020-12-10 13:38:46.750855',25,2),(43,'2020-12-10 13:38:48.700271',27,2),(44,'2020-12-10 13:38:49.081243',28,2),(49,'2020-12-10 14:08:10.849823',13,2),(62,'2020-12-14 00:09:42.685661',30,2),(65,'2020-12-14 00:09:48.977361',26,2),(66,'2020-12-14 00:09:51.978909',34,2);
/*!40000 ALTER TABLE `operations_userliketag` ENABLE KEYS */;
UNLOCK TABLES;

--
-- Table structure for table `operations_usertag`
--

DROP TABLE IF EXISTS `operations_usertag`;
/*!40101 SET @saved_cs_client     = @@character_set_client */;
/*!50503 SET character_set_client = utf8mb4 */;
CREATE TABLE `operations_usertag` (
  `id` int(11) NOT NULL AUTO_INCREMENT,
  `add_time` datetime(6) NOT NULL,
  `visibility` int(11) NOT NULL,
  `tag_id` int(11) NOT NULL,
  `user_name_id` int(11) NOT NULL,
  PRIMARY KEY (`id`),
  KEY `operations_usertag_tag_id_706b2138_fk_operations_tag_id` (`tag_id`),
  KEY `operations_usertag_user_name_id_daae554d_fk_users_userprofile_id` (`user_name_id`),
  CONSTRAINT `operations_usertag_tag_id_706b2138_fk_operations_tag_id` FOREIGN KEY (`tag_id`) REFERENCES `operations_tag` (`id`),
  CONSTRAINT `operations_usertag_user_name_id_daae554d_fk_users_userprofile_id` FOREIGN KEY (`user_name_id`) REFERENCES `users_userprofile` (`id`)
) ENGINE=InnoDB AUTO_INCREMENT=39 DEFAULT CHARSET=utf8;
/*!40101 SET character_set_client = @saved_cs_client */;

--
-- Dumping data for table `operations_usertag`
--

LOCK TABLES `operations_usertag` WRITE;
/*!40000 ALTER TABLE `operations_usertag` DISABLE KEYS */;
INSERT INTO `operations_usertag` VALUES (1,'2020-11-22 21:07:07.000000',1,1,3),(2,'2020-11-22 21:12:20.000000',0,12,23),(3,'2020-11-22 21:12:30.000000',1,9,32),(4,'2020-11-22 21:12:30.000000',0,13,52),(5,'2020-11-22 21:12:31.000000',0,3,20),(6,'2020-11-22 21:12:32.000000',0,7,75),(7,'2020-11-22 21:12:33.000000',1,12,59),(8,'2020-11-22 21:12:33.000000',0,11,4),(9,'2020-11-22 21:12:34.000000',0,10,59),(10,'2020-11-22 21:12:35.000000',0,3,61),(11,'2020-11-22 21:12:37.000000',1,2,23),(12,'2020-11-22 21:12:37.000000',0,2,61),(13,'2020-11-22 21:12:39.000000',0,4,9),(14,'2020-11-22 21:12:40.000000',1,10,36),(15,'2020-11-22 21:12:40.000000',1,12,10),(16,'2020-11-22 21:12:41.000000',1,13,37),(17,'2020-11-22 21:12:42.000000',1,4,5),(18,'2020-11-22 21:12:43.000000',1,7,23),(19,'2020-11-22 21:12:44.000000',1,12,40),(20,'2020-11-22 21:12:45.000000',1,11,46),(21,'2020-11-22 21:12:46.000000',1,4,74),(22,'2020-11-22 21:12:47.000000',1,6,58),(23,'2020-12-02 16:43:20.000000',0,1,2),(24,'2020-12-02 16:43:52.000000',0,2,2),(25,'2020-12-08 22:51:59.967046',0,3,2),(26,'2020-12-08 22:53:27.069468',1,8,2),(27,'2020-12-08 22:53:28.845185',0,6,2),(28,'2020-12-10 02:28:34.759150',1,4,2),(29,'2020-12-10 13:50:39.388667',0,11,2),(30,'2020-12-10 13:50:47.501707',1,10,2),(31,'2020-12-10 14:00:36.134632',0,9,2),(32,'2020-12-10 14:00:47.256471',1,12,2),(33,'2020-12-10 14:02:15.530143',1,5,2),(34,'2020-12-11 15:29:12.912637',1,13,2),(35,'2020-12-11 22:52:23.786343',1,1,87),(36,'2020-12-11 22:52:25.017617',1,2,87),(37,'2020-12-11 22:52:25.543988',1,3,87),(38,'2020-12-11 22:52:26.256741',1,4,87);
/*!40000 ALTER TABLE `operations_usertag` ENABLE KEYS */;
UNLOCK TABLES;

--
-- Table structure for table `projects_project`
--

DROP TABLE IF EXISTS `projects_project`;
/*!40101 SET @saved_cs_client     = @@character_set_client */;
/*!50503 SET character_set_client = utf8mb4 */;
CREATE TABLE `projects_project` (
  `id` int(11) NOT NULL AUTO_INCREMENT,
  `name` varchar(50) NOT NULL,
  `introduction` longtext NOT NULL,
  `group_size` int(11) NOT NULL,
  `course_id` int(11) NOT NULL,
  `min_group_size` int(11) NOT NULL,
  `group_ddl` datetime(6) NOT NULL,
  PRIMARY KEY (`id`),
  KEY `projects_project_course_id_83cbe032_fk_courses_course_id` (`course_id`),
  CONSTRAINT `projects_project_course_id_83cbe032_fk_courses_course_id` FOREIGN KEY (`course_id`) REFERENCES `courses_course` (`id`)
) ENGINE=InnoDB AUTO_INCREMENT=45 DEFAULT CHARSET=utf8;
/*!40101 SET character_set_client = @saved_cs_client */;

--
-- Dumping data for table `projects_project`
--

LOCK TABLES `projects_project` WRITE;
/*!40000 ALTER TABLE `projects_project` DISABLE KEYS */;
INSERT INTO `projects_project` VALUES (1,'Final Project','Just for Test',2,9999,2,'2020-12-16 23:31:58.000000'),(2,'Final Project','Just for Test',3,9999,3,'2020-12-24 23:32:00.000000'),(3,'Final Project','Just for Test',3,9999,3,'2020-12-27 23:32:01.000000'),(4,'Final Project','Just for Test',3,9999,3,'2020-12-30 23:32:02.000000'),(5,'Mid Project','Just for Test',3,9999,3,'2020-12-30 23:32:03.000000'),(6,'testProject','for test',2,9999,1,'2020-12-06 23:41:00.235311'),(7,'1','1',1,9999,1,'2020-12-07 02:33:46.000000'),(8,'CS305 Demo Project','asdfasddfaf',2,9999,1,'2020-12-18 21:16:17.000000'),(9,'Test File Project','This is a demo project to test file uplaod.',3,9999,2,'2020-12-25 22:42:11.000000'),(10,'Testing File','demo tesing file',3,9999,2,'2020-12-25 22:44:29.000000'),(11,'fads','sdafsdaf',3,9999,2,'2020-12-25 22:56:11.000000'),(12,'sdaf','sdafsadf',3,9999,2,'2020-12-25 22:59:52.000000'),(13,'adsf','sdafasd',3,9999,2,'2020-12-25 23:32:59.000000'),(14,'sadf','sadfsadf',3,9999,2,'2020-12-26 17:13:45.000000'),(15,'sdaf','sadfsdaf',3,9999,2,'2020-12-26 17:28:42.000000'),(16,'Demo Project','Demo Project',3,9999,2,'2020-12-26 17:38:50.000000'),(17,'test','aba aba',2,9999,1,'2020-12-26 20:08:48.000000'),(18,'Demo File','sadgfsadgasd sdafsad fdas f.sda foasdipf jpoi jpoiasdf ,mlmsd fa',2,9999,2,'2020-12-26 20:09:02.000000'),(20,'Demo File 1','This is a demo intro.',2,9999,2,'2020-12-26 21:15:59.000000'),(23,'test file ','1236',2,9999,1,'2020-12-27 22:18:36.000000'),(34,'yfvhvhvhjvh','ukbhbmnb mnb',2,9999,1,'2020-12-28 01:35:23.000000'),(35,'123','123',2,9999,1,'2020-12-28 01:41:24.000000'),(36,'Demo File','Demo Descrip\nAnother line.',3,9999,2,'2020-12-28 20:22:03.000000'),(37,'test','test',2,9999,1,'2020-12-28 20:52:40.000000'),(38,'CS301 File','Demo Description\nAnother Line',3,3,2,'2020-12-28 21:18:14.000000'),(39,'test for ui','test for ui',2,3,1,'2020-12-29 20:53:59.000000'),(40,'test for ui','test for ui',2,9999,1,'2020-12-29 20:53:59.000000'),(41,'123','123',2,1,1,'2020-12-29 20:59:52.000000'),(42,'have a try','lulalulalulalula',3,10,2,'2020-12-30 23:53:18.000000'),(43,'sdf','sadgfasdgsa',3,5,2,'2020-12-30 23:54:28.000000');
/*!40000 ALTER TABLE `projects_project` ENABLE KEYS */;
UNLOCK TABLES;

--
-- Table structure for table `users_userprofile`
--

DROP TABLE IF EXISTS `users_userprofile`;
/*!40101 SET @saved_cs_client     = @@character_set_client */;
/*!50503 SET character_set_client = utf8mb4 */;
CREATE TABLE `users_userprofile` (
  `id` int(11) NOT NULL AUTO_INCREMENT,
  `password` varchar(128) NOT NULL,
  `last_login` datetime(6) DEFAULT NULL,
  `is_superuser` tinyint(1) NOT NULL,
  `username` varchar(150) NOT NULL,
  `first_name` varchar(30) NOT NULL,
  `last_name` varchar(150) NOT NULL,
  `email` varchar(254) NOT NULL,
  `is_staff` tinyint(1) NOT NULL,
  `is_active` tinyint(1) NOT NULL,
  `date_joined` datetime(6) NOT NULL,
  `real_name` varchar(4) NOT NULL,
  `student_id` varchar(8) NOT NULL,
  `gender` varchar(6) NOT NULL,
  `address` varchar(50) NOT NULL,
  `mobile` varchar(11) NOT NULL,
  `image` varchar(250) NOT NULL,
  PRIMARY KEY (`id`),
  UNIQUE KEY `username` (`username`)
) ENGINE=InnoDB AUTO_INCREMENT=92 DEFAULT CHARSET=utf8;
/*!40101 SET character_set_client = @saved_cs_client */;

--
-- Dumping data for table `users_userprofile`
--

LOCK TABLES `users_userprofile` WRITE;
/*!40000 ALTER TABLE `users_userprofile` DISABLE KEYS */;
INSERT INTO `users_userprofile` VALUES (1,'pbkdf2_sha256$150000$pufo2b6MelXX$1i1OcU9irnxtjhGCrdJbCIXPAaXJLTei5VcYb5GKSHc=','2020-12-23 01:51:21.911029',1,'admin','admin','x','815488003@qq.com',1,1,'2020-11-22 16:03:00.000000','管理员','admin','male','二期14栋','000','default.jpg'),(2,'11810101',NULL,0,'11810101','99a95c','d7c75c','11810820@mail.sustc.edu.cn',0,1,'2020-11-22 18:57:23.000000','苏铂砚','11810101','male','欣园2栋','12345678900','head_image/11810101/pic_scrnsht.jpg'),(3,'11810102',NULL,0,'11810102','e14fdf','bb999b','zhangjs2018@mail.sustech.edu.cn',0,1,'2020-11-22 20:11:38.000000','陈涵宇','11810102','male','荔园9栋','15015908716','head_image/default.jpg'),(4,'11810103',NULL,0,'11810103','cd9bd1','f780c1','11810103@sustc.edu.cn',0,1,'2020-11-22 20:14:16.000000','黄秋逸','11810103','female','二期14栋','13155028217','head_image/default.jpg'),(5,'11810104',NULL,0,'11810104','5e18fa','652984','11810104@sustc.edu.cn',0,1,'2020-11-22 20:14:17.000000','张左源','11810104','female','二期17栋','11882604110','head_image/default.jpg'),(6,'11810105',NULL,0,'11810105','88ef7e','5189b8','11810105@sustc.edu.cn',0,1,'2020-11-22 20:14:19.000000','赵骅凌','11810105','female','湖畔1栋','13759038134','head_image/default.jpg'),(7,'11810106',NULL,0,'11810106','a95b1a','230a81','11810106@sustc.edu.cn',0,1,'2020-11-22 20:14:19.000000','吴思宇','11810106','female','二期17栋','13810699417','head_image/default.jpg'),(8,'11810107',NULL,0,'11810107','f12801','1c700e','11810107@sustc.edu.cn',0,1,'2020-11-22 20:14:20.000000','谢泽健','11810107','male','欣园2栋','15771493106','head_image/default.jpg'),(9,'11810108',NULL,0,'11810108','26a9d9','afde11','11810108@sustc.edu.cn',0,1,'2020-11-22 20:14:21.000000','徐婧然','11810108','male','二期14栋','19348054135','head_image/default.jpg'),(10,'11810109',NULL,0,'11810109','293ec8','c041ab','11810109@sustc.edu.cn',0,1,'2020-11-22 20:14:22.000000','郑婧林','11810109','male','二期16栋','18177562837','head_image/default.jpg'),(11,'11810110',NULL,0,'11810110','54126c','8742a6','11810110@sustc.edu.cn',0,1,'2020-11-22 20:14:23.000000','石颖鸿','11810110','male','湖畔3栋','13965908711','head_image/default.jpg'),(12,'11810111',NULL,0,'11810111','3fcfa5','35e8ba','11810111@sustc.edu.cn',0,1,'2020-11-22 20:14:24.000000','张梦菲','11810111','male','荔园10栋','17351924252','head_image/default.jpg'),(13,'11810112',NULL,0,'11810112','8824cd','f6c4ac','11810112@sustc.edu.cn',0,1,'2020-11-22 20:14:25.000000','汪一泓','11810112','male','欣园3栋','13916530584','head_image/default.jpg'),(14,'11810113',NULL,0,'11810113','aaf1d6','b2e847','11810113@sustc.edu.cn',0,1,'2020-11-22 20:14:25.000000','王煜辉','11810113','male','二期15栋','16765490515','head_image/default.jpg'),(15,'11810114',NULL,0,'11810114','c783b1','5f2af6','11810114@sustc.edu.cn',0,1,'2020-11-22 20:14:27.000000','陈骁楠','11810114','female','欣园2栋','11843396585','head_image/default.jpg'),(16,'11810115',NULL,0,'11810115','3d533b','24b21f','11810115@sustc.edu.cn',0,1,'2020-11-22 20:14:28.000000','李胤祺','11810115','female','欣园3栋','18841286439','head_image/default.jpg'),(17,'11810116',NULL,0,'11810116','0ada61','dfde50','11810116@sustc.edu.cn',0,1,'2020-11-22 20:14:29.000000','刘茜茜','11810116','female','湖畔2栋','13695593004','head_image/default.jpg'),(18,'11810117',NULL,0,'11810117','70ab62','e3d7e5','11810117@sustc.edu.cn',0,1,'2020-11-22 20:14:30.000000','高浩东','11810117','male','荔园10栋','13284079686','head_image/default.jpg'),(19,'11810118',NULL,0,'11810118','12ee9f','f4654b','11810118@sustc.edu.cn',0,1,'2020-11-22 20:14:31.000000','陈达锋','11810118','male','二期17栋','17755576183','head_image/default.jpg'),(20,'11810119',NULL,0,'11810119','74836d','8e3b0b','11810119@sustc.edu.cn',0,1,'2020-11-22 20:14:33.000000','吴易霖','11810119','female','湖畔1栋','18481266263','head_image/default.jpg'),(21,'11810120',NULL,0,'11810120','e7e125','a9a79c','11810120@sustc.edu.cn',0,1,'2020-11-22 20:14:38.000000','曾一卉','11810120','male','湖畔2栋','16865228885','head_image/default.jpg'),(22,'11810121',NULL,0,'11810121','fb5999','8dbcbe','11810121@sustc.edu.cn',0,1,'2020-11-22 20:14:38.000000','黄斯齐','11810121','female','二期17栋','13892183744','head_image/default.jpg'),(23,'11810122',NULL,0,'11810122','bb8392','e38d5d','11810122@sustc.edu.cn',0,1,'2020-11-22 20:14:39.000000','黄伟强','11810122','male','湖畔2栋','18576003487','head_image/default.jpg'),(24,'11810123',NULL,0,'11810123','d1a954','bb6bfc','11810123@sustc.edu.cn',0,1,'2020-11-22 20:14:39.000000','王滢','11810123','female','欣园3栋','11580261142','head_image/default.jpg'),(25,'11810124',NULL,0,'11810124','827b80','340abc','11810124@sustc.edu.cn',0,1,'2020-11-22 20:14:40.000000','侯舒涵','11810124','male','欣园2栋','12285420775','head_image/default.jpg'),(26,'11810125',NULL,0,'11810125','49e8af','f3d84d','11810125@sustc.edu.cn',0,1,'2020-11-22 20:14:40.000000','刘忆龙','11810125','female','二期15栋','11779768040','head_image/default.jpg'),(27,'11810126',NULL,0,'11810126','4fcd0e','77f3ac','11810126@sustc.edu.cn',0,1,'2020-11-22 20:14:42.000000','李溢彬','11810126','male','湖畔3栋','14551868619','head_image/default.jpg'),(28,'11810127',NULL,0,'11810127','7cfebd','2dde40','11810127@sustc.edu.cn',0,1,'2020-11-22 20:14:42.000000','黄玮宁','11810127','female','欣园2栋','19599717416','head_image/default.jpg'),(29,'11810128',NULL,0,'11810128','e33ffe','0bc8a7','11810128@sustc.edu.cn',0,1,'2020-11-22 20:14:42.000000','郑凯成','11810128','male','荔园10栋','14868092764','head_image/default.jpg'),(30,'11810129',NULL,0,'11810129','b47a4a','01b494','11810129@sustc.edu.cn',0,1,'2020-11-22 20:14:42.000000','陈孟帆','11810129','female','荔园11栋','17165940633','head_image/default.jpg'),(31,'11810130',NULL,0,'11810130','23d61d','efa00b','11810130@sustc.edu.cn',0,1,'2020-11-22 20:14:42.000000','陈可茗','11810130','male','二期17栋','17788787211','head_image/default.jpg'),(32,'11810131',NULL,0,'11810131','14227f','c49eec','11810131@sustc.edu.cn',0,1,'2020-11-22 20:14:43.000000','孙沛铖','11810131','female','欣园2栋','10651236977','head_image/default.jpg'),(33,'11810132',NULL,0,'11810132','2f6e93','805569','11810132@sustc.edu.cn',0,1,'2020-11-22 20:14:43.000000','王昊意','11810132','male','荔园10栋','16767756907','head_image/default.jpg'),(34,'11810133',NULL,0,'11810133','c44383','b06085','11810133@sustc.edu.cn',0,1,'2020-11-22 20:14:43.000000','张浩泽','11810133','female','湖畔1栋','18324000721','head_image/default.jpg'),(35,'11810134',NULL,0,'11810134','268fd1','4749d1','11810134@sustc.edu.cn',0,1,'2020-11-22 20:14:43.000000','庄煜璐','11810134','male','荔园11栋','19235130788','head_image/default.jpg'),(36,'11810135',NULL,0,'11810135','617b14','4738e5','11810135@sustc.edu.cn',0,1,'2020-11-22 20:14:43.000000','兰政文','11810135','male','荔园9栋','12160016681','head_image/default.jpg'),(37,'11810136',NULL,0,'11810136','92d1e0','c84869','11810136@sustc.edu.cn',0,1,'2020-11-22 20:14:43.000000','白淇源','11810136','female','湖畔2栋','16703136792','head_image/default.jpg'),(38,'11810137',NULL,0,'11810137','a14590','17ab95','11810137@sustc.edu.cn',0,1,'2020-11-22 20:14:43.000000','吴思绮','11810137','female','二期17栋','14252588733','head_image/default.jpg'),(39,'11810138',NULL,0,'11810138','eab97a','bc90db','11810138@sustc.edu.cn',0,1,'2020-11-22 20:14:43.000000','李炽然','11810138','male','湖畔1栋','10964763416','head_image/default.jpg'),(40,'11810139',NULL,0,'11810139','a83829','6630b7','11810139@sustc.edu.cn',0,1,'2020-11-22 20:14:43.000000','詹炜臻','11810139','female','二期14栋','13647757641','head_image/default.jpg'),(41,'11810140',NULL,0,'11810140','72b541','b73533','11810140@sustc.edu.cn',0,1,'2020-11-22 20:14:43.000000','李嘉明','11810140','male','湖畔2栋','15153984143','head_image/default.jpg'),(42,'11810141',NULL,0,'11810141','77da10','ddf7fd','11810141@sustc.edu.cn',0,1,'2020-11-22 20:14:43.000000','刘一阳','11810141','female','欣园1栋','13399898058','head_image/default.jpg'),(43,'11810142',NULL,0,'11810142','4d93b9','ba1d3d','11810142@sustc.edu.cn',0,1,'2020-11-22 20:14:44.000000','丁衍天','11810142','male','二期16栋','10746257678','head_image/default.jpg'),(44,'11810143',NULL,0,'11810143','39e2f9','83a89f','11810143@sustc.edu.cn',0,1,'2020-11-22 20:14:44.000000','郭上堃','11810143','female','荔园9栋','18137386950','head_image/default.jpg'),(45,'11810144',NULL,0,'11810144','391775','4b99a7','11810144@sustc.edu.cn',0,1,'2020-11-22 20:14:44.000000','潘思锐','11810144','male','欣园3栋','13411267030','head_image/default.jpg'),(46,'11810145',NULL,0,'11810145','69ab5d','254a31','11810145@sustc.edu.cn',0,1,'2020-11-22 20:14:44.000000','林峻昊','11810145','female','荔园11栋','15671170274','head_image/default.jpg'),(47,'11810146',NULL,0,'11810146','07a5df','12a69b','11810146@sustc.edu.cn',0,1,'2020-11-22 20:14:44.000000','耿直','11810146','male','二期17栋','16177951046','head_image/default.jpg'),(48,'11810147',NULL,0,'11810147','0bca4f','d92b0d','11810147@sustc.edu.cn',0,1,'2020-11-22 20:14:44.000000','贺诗扬','11810147','female','湖畔1栋','12318248154','head_image/default.jpg'),(49,'11810148',NULL,0,'11810148','af9968','db14cb','11810148@sustc.edu.cn',0,1,'2020-11-22 20:14:44.000000','陈缘','11810148','male','二期15栋','10346110817','head_image/default.jpg'),(50,'11810149',NULL,0,'11810149','42f25d','e93705','11810149@sustc.edu.cn',0,1,'2020-11-22 20:14:44.000000','郭壮','11810149','female','二期15栋','16011277898','head_image/default.jpg'),(51,'11810150',NULL,0,'11810150','da9acc','99a75e','11810150@sustc.edu.cn',0,1,'2020-11-22 20:14:46.000000','陈昕洋','11810150','male','湖畔2栋','18853678505','head_image/default.jpg'),(52,'11810151',NULL,0,'11810151','d5f6d9','b27f7a','11810151@sustc.edu.cn',0,1,'2020-11-22 20:14:46.000000','陈俊霖','11810151','female','湖畔1栋','11725114175','head_image/default.jpg'),(53,'11810152',NULL,0,'11810152','f0f5c7','3516ec','11810152@sustc.edu.cn',0,1,'2020-11-22 20:14:46.000000','于楚光','11810152','male','湖畔3栋','12913415760','head_image/default.jpg'),(54,'11810153',NULL,0,'11810153','2ff148','d451e1','11810153@sustc.edu.cn',0,1,'2020-11-22 20:14:46.000000','郑鸿麟','11810153','female','荔园11栋','14662318037','head_image/default.jpg'),(55,'11810154',NULL,0,'11810154','22c695','6b0cd3','11810154@sustc.edu.cn',0,1,'2020-11-22 20:14:47.000000','饶新优','11810154','male','湖畔2栋','10401690211','head_image/default.jpg'),(56,'11810155',NULL,0,'11810155','b1384a','a90452','11810155@sustc.edu.cn',0,1,'2020-11-22 20:14:47.000000','宋舒昊','11810155','female','二期16栋','14179092686','head_image/default.jpg'),(57,'11810156',NULL,0,'11810156','8f54f0','29ebf1','11810156@sustc.edu.cn',0,1,'2020-11-22 20:14:49.000000','林炜智','11810156','female','二期16栋','18615907884','head_image/default.jpg'),(58,'11810157',NULL,0,'11810157','0fecc4','e61298','11810157@sustc.edu.cn',0,1,'2020-11-22 20:14:50.000000','陈昊','11810157','female','欣园1栋','16822344042','head_image/default.jpg'),(59,'11810158',NULL,0,'11810158','bdc1d5','359a96','11810158@sustc.edu.cn',0,1,'2020-11-22 20:14:51.000000','骆煌森','11810158','female','荔园10栋','14595082108','head_image/default.jpg'),(60,'11810159',NULL,0,'11810159','66e90a','99a78e','11810159@sustc.edu.cn',0,1,'2020-11-22 20:14:52.000000','吴林燃','11810159','female','二期17栋','11858995884','head_image/default.jpg'),(61,'11810160',NULL,0,'11810160','fc8c5a','029477','11810160@sustc.edu.cn',0,1,'2020-11-22 20:14:52.000000','袁梓捷','11810160','female','二期15栋','14747719163','head_image/default.jpg'),(62,'11810161',NULL,0,'11810161','48cd04','722660','11810161@sustc.edu.cn',0,1,'2020-11-22 20:14:54.000000','陈权','11810161','male','湖畔3栋','16524989740','head_image/default.jpg'),(63,'11810162',NULL,0,'11810162','45dab9','b064d5','11810162@sustc.edu.cn',0,1,'2020-11-22 20:14:54.000000','林郑熹','11810162','male','欣园1栋','13607093182','head_image/default.jpg'),(64,'11810163',NULL,0,'11810163','73d3d8','69e4eb','11810163@sustc.edu.cn',0,1,'2020-11-22 20:14:55.000000','黄浩宇','11810163','male','二期14栋','16522083734','head_image/default.jpg'),(65,'11810164',NULL,0,'11810164','836275','5de08a','11810164@sustc.edu.cn',0,1,'2020-11-22 20:14:56.000000','杨祉禛','11810164','male','二期14栋','15504205203','head_image/default.jpg'),(66,'11810165',NULL,0,'11810165','cddc85','b74450','11810165@sustc.edu.cn',0,1,'2020-11-22 20:14:56.000000','陈禧瑶','11810165','male','欣园2栋','11789916596','head_image/default.jpg'),(67,'11810166',NULL,0,'11810166','e68088','40c876','11810166@sustc.edu.cn',0,1,'2020-11-22 20:14:57.000000','叶涵语','11810166','male','二期15栋','19516454700','head_image/default.jpg'),(68,'11810167',NULL,0,'11810167','015835','550eca','11810167@sustc.edu.cn',0,1,'2020-11-22 20:14:58.000000','潘雅颖','11810167','male','欣园3栋','17401784506','head_image/default.jpg'),(69,'11810168',NULL,0,'11810168','238d14','6dac51','11810168@sustc.edu.cn',0,1,'2020-11-22 20:14:59.000000','徐俊源','11810168','male','欣园1栋','17875398674','head_image/default.jpg'),(70,'11810169',NULL,0,'11810169','e94ea0','18932a','11810169@sustc.edu.cn',0,1,'2020-11-22 20:15:00.000000','张亦琦','11810169','male','二期17栋','12362980947','head_image/default.jpg'),(71,'11810170',NULL,0,'11810170','6b9f72','661ad0','11810170@sustc.edu.cn',0,1,'2020-11-22 20:15:00.000000','沈玥','11810170','male','欣园1栋','12805644769','head_image/default.jpg'),(72,'11810171',NULL,0,'11810171','b53688','a2bc07','11810171@sustc.edu.cn',0,1,'2020-11-22 20:15:01.000000','孙琦','11810171','male','二期15栋','19139446828','head_image/default.jpg'),(73,'11810172',NULL,0,'11810172','2a7f47','77f72d','11810172@sustc.edu.cn',0,1,'2020-11-22 20:15:02.000000','陈姗姗','11810172','male','二期16栋','19804594776','head_image/default.jpg'),(74,'11810173',NULL,0,'11810173','b50a9f','966bfe','11810173@sustc.edu.cn',0,1,'2020-11-22 20:15:03.000000','王昕妍','11810173','male','二期17栋','17169210749','head_image/default.jpg'),(75,'11810174',NULL,0,'11810174','d02719','d55afd','11810174@sustc.edu.cn',0,1,'2020-11-22 20:15:03.000000','叶兆奇','11810174','male','二期15栋','15728569724','head_image/default.jpg'),(76,'11810175',NULL,0,'11810175','330c7b','acdbf3','11810175@sustc.edu.cn',0,1,'2020-11-22 20:15:04.000000','黄铮','11810175','male','湖畔1栋','15141647397','head_image/default.jpg'),(77,'11810176',NULL,0,'11810176','97e6bc','17345a','11810176@sustc.edu.cn',0,1,'2020-11-22 20:15:05.000000','吴悠','11810176','male','湖畔3栋','10303883878','head_image/default.jpg'),(78,'11810177',NULL,0,'11810177','7da0a0','9a3925','11810177@sustc.edu.cn',0,1,'2020-11-22 20:15:06.000000','吴雨泽','11810177','male','湖畔3栋','16481996277','head_image/default.jpg'),(79,'11810178',NULL,0,'11810178','83e8b9','7f0466','11810178@sustc.edu.cn',0,1,'2020-11-22 20:15:07.000000','李翰翔','11810178','female','二期15栋','17561280230','head_image/default.jpg'),(80,'11810179',NULL,0,'11810179','ca1ffa','457d0d','11810179@sustc.edu.cn',0,1,'2020-11-22 20:15:08.000000','黄雨晴','11810179','female','欣园2栋','13399214346','head_image/default.jpg'),(81,'11810180',NULL,0,'11810180','0618d7','08edb2','11810180@sustc.edu.cn',0,1,'2020-11-22 20:15:09.000000','陈婧雯','11810180','female','二期17栋','12307347582','head_image/default.jpg'),(82,'11810181',NULL,0,'11810181','c3b08b','b71def','11810181@sustc.edu.cn',0,1,'2020-11-22 20:15:10.000000','黄欣琳','11810181','female','二期16栋','13763445423','head_image/default.jpg'),(83,'11810182',NULL,0,'11810182','bb485b','996cf2','11810182@sustc.edu.cn',0,1,'2020-11-22 20:15:11.000000','苏梓阳','11810182','male','二期15栋','11557426751','head_image/default.jpg'),(84,'11810183',NULL,0,'11810183','040abb','8a3d0a','11810183@sustc.edu.cn',0,1,'2020-11-22 20:15:12.000000','苏恩泽','11810183','female','欣园3栋','14624767363','head_image/default.jpg'),(85,'11810184',NULL,0,'11810184','c861f6','b8b843','11810184@sustc.edu.cn',0,1,'2020-11-22 20:15:14.000000','蓝沛龙','11810184','male','二期16栋','17716227338','head_image/default.jpg'),(86,'11810185',NULL,0,'11810185','ffd5d1','204cee','11810185@sustc.edu.cn',0,1,'2020-11-22 20:15:15.000000','李肖瑶','11810185','female','欣园1栋','18097867534','head_image/default.jpg'),(87,'3012345',NULL,0,'3012345','13151','asdwe1','3012345@sustech.edu.cn',1,1,'2020-12-03 21:05:02.000000','谢梓辰','3012345','female','欣园2栋','17716227338','head_image/default.jpg'),(88,'3100001',NULL,0,'3100001','ascac','qeax','3100001@sustech.edu.cn',1,1,'2020-12-20 16:47:39.000000','张林平','3100001','female','二期15栋','13960757681','head_image/default.jpg'),(89,'3100002',NULL,0,'3100002','wdada','xiyuf','3100002@sustech.edu.cn',1,1,'2020-12-20 16:50:23.000000','杨江','3100002','female','二期16栋','14880158270','head_image/default.jpg');
/*!40000 ALTER TABLE `users_userprofile` ENABLE KEYS */;
UNLOCK TABLES;

--
-- Table structure for table `users_userprofile_groups`
--

DROP TABLE IF EXISTS `users_userprofile_groups`;
/*!40101 SET @saved_cs_client     = @@character_set_client */;
/*!50503 SET character_set_client = utf8mb4 */;
CREATE TABLE `users_userprofile_groups` (
  `id` int(11) NOT NULL AUTO_INCREMENT,
  `userprofile_id` int(11) NOT NULL,
  `group_id` int(11) NOT NULL,
  PRIMARY KEY (`id`),
  UNIQUE KEY `users_userprofile_groups_userprofile_id_group_id_823cf2fc_uniq` (`userprofile_id`,`group_id`),
  KEY `users_userprofile_groups_group_id_3de53dbf_fk_auth_group_id` (`group_id`),
  CONSTRAINT `users_userprofile_gr_userprofile_id_a4496a80_fk_users_use` FOREIGN KEY (`userprofile_id`) REFERENCES `users_userprofile` (`id`),
  CONSTRAINT `users_userprofile_groups_group_id_3de53dbf_fk_auth_group_id` FOREIGN KEY (`group_id`) REFERENCES `auth_group` (`id`)
) ENGINE=InnoDB DEFAULT CHARSET=utf8;
/*!40101 SET character_set_client = @saved_cs_client */;

--
-- Dumping data for table `users_userprofile_groups`
--

LOCK TABLES `users_userprofile_groups` WRITE;
/*!40000 ALTER TABLE `users_userprofile_groups` DISABLE KEYS */;
/*!40000 ALTER TABLE `users_userprofile_groups` ENABLE KEYS */;
UNLOCK TABLES;

--
-- Table structure for table `users_userprofile_user_permissions`
--

DROP TABLE IF EXISTS `users_userprofile_user_permissions`;
/*!40101 SET @saved_cs_client     = @@character_set_client */;
/*!50503 SET character_set_client = utf8mb4 */;
CREATE TABLE `users_userprofile_user_permissions` (
  `id` int(11) NOT NULL AUTO_INCREMENT,
  `userprofile_id` int(11) NOT NULL,
  `permission_id` int(11) NOT NULL,
  PRIMARY KEY (`id`),
  UNIQUE KEY `users_userprofile_user_p_userprofile_id_permissio_d0215190_uniq` (`userprofile_id`,`permission_id`),
  KEY `users_userprofile_us_permission_id_393136b6_fk_auth_perm` (`permission_id`),
  CONSTRAINT `users_userprofile_us_permission_id_393136b6_fk_auth_perm` FOREIGN KEY (`permission_id`) REFERENCES `auth_permission` (`id`),
  CONSTRAINT `users_userprofile_us_userprofile_id_34544737_fk_users_use` FOREIGN KEY (`userprofile_id`) REFERENCES `users_userprofile` (`id`)
) ENGINE=InnoDB DEFAULT CHARSET=utf8;
/*!40101 SET character_set_client = @saved_cs_client */;

--
-- Dumping data for table `users_userprofile_user_permissions`
--

LOCK TABLES `users_userprofile_user_permissions` WRITE;
/*!40000 ALTER TABLE `users_userprofile_user_permissions` DISABLE KEYS */;
/*!40000 ALTER TABLE `users_userprofile_user_permissions` ENABLE KEYS */;
UNLOCK TABLES;

--
-- Table structure for table `xadmin_bookmark`
--

DROP TABLE IF EXISTS `xadmin_bookmark`;
/*!40101 SET @saved_cs_client     = @@character_set_client */;
/*!50503 SET character_set_client = utf8mb4 */;
CREATE TABLE `xadmin_bookmark` (
  `id` int(11) NOT NULL AUTO_INCREMENT,
  `title` varchar(128) NOT NULL,
  `url_name` varchar(64) NOT NULL,
  `query` varchar(1000) NOT NULL,
  `is_share` tinyint(1) NOT NULL,
  `content_type_id` int(11) NOT NULL,
  `user_id` int(11) DEFAULT NULL,
  PRIMARY KEY (`id`),
  KEY `xadmin_bookmark_content_type_id_60941679_fk_django_co` (`content_type_id`),
  KEY `xadmin_bookmark_user_id_42d307fc_fk_users_userprofile_id` (`user_id`),
  CONSTRAINT `xadmin_bookmark_content_type_id_60941679_fk_django_co` FOREIGN KEY (`content_type_id`) REFERENCES `django_content_type` (`id`),
  CONSTRAINT `xadmin_bookmark_user_id_42d307fc_fk_users_userprofile_id` FOREIGN KEY (`user_id`) REFERENCES `users_userprofile` (`id`)
) ENGINE=InnoDB DEFAULT CHARSET=utf8;
/*!40101 SET character_set_client = @saved_cs_client */;

--
-- Dumping data for table `xadmin_bookmark`
--

LOCK TABLES `xadmin_bookmark` WRITE;
/*!40000 ALTER TABLE `xadmin_bookmark` DISABLE KEYS */;
/*!40000 ALTER TABLE `xadmin_bookmark` ENABLE KEYS */;
UNLOCK TABLES;

--
-- Table structure for table `xadmin_log`
--

DROP TABLE IF EXISTS `xadmin_log`;
/*!40101 SET @saved_cs_client     = @@character_set_client */;
/*!50503 SET character_set_client = utf8mb4 */;
CREATE TABLE `xadmin_log` (
  `id` int(11) NOT NULL AUTO_INCREMENT,
  `action_time` datetime(6) NOT NULL,
  `ip_addr` char(39) DEFAULT NULL,
  `object_id` longtext,
  `object_repr` varchar(200) NOT NULL,
  `action_flag` varchar(32) NOT NULL,
  `message` longtext NOT NULL,
  `content_type_id` int(11) DEFAULT NULL,
  `user_id` int(11) NOT NULL,
  PRIMARY KEY (`id`),
  KEY `xadmin_log_content_type_id_2a6cb852_fk_django_content_type_id` (`content_type_id`),
  KEY `xadmin_log_user_id_bb16a176_fk_users_userprofile_id` (`user_id`),
  CONSTRAINT `xadmin_log_content_type_id_2a6cb852_fk_django_content_type_id` FOREIGN KEY (`content_type_id`) REFERENCES `django_content_type` (`id`),
  CONSTRAINT `xadmin_log_user_id_bb16a176_fk_users_userprofile_id` FOREIGN KEY (`user_id`) REFERENCES `users_userprofile` (`id`)
) ENGINE=InnoDB AUTO_INCREMENT=18 DEFAULT CHARSET=utf8;
/*!40101 SET character_set_client = @saved_cs_client */;

--
-- Dumping data for table `xadmin_log`
--

LOCK TABLES `xadmin_log` WRITE;
/*!40000 ALTER TABLE `xadmin_log` DISABLE KEYS */;
INSERT INTO `xadmin_log` VALUES (1,'2020-12-17 00:51:05.780972','127.0.0.1','1','管理员','change','修改 last_login，first_name，last_name，email，real_name，gender，address 和 mobile',6,1),(2,'2020-12-17 01:09:40.604323','127.0.0.1','1','管理员','change','修改 first_name 和 last_name',6,1),(3,'2020-12-17 03:02:35.795339','127.0.0.1',NULL,'','delete','批量删除 1 个 用户小组件',NULL,1),(4,'2020-12-17 03:07:51.186237','127.0.0.1',NULL,'','delete','批量删除 1 个 用户小组件',NULL,1),(5,'2020-12-17 03:13:08.852974','127.0.0.1','3','管理员 html widget','change','修改 widget_type',25,1),(6,'2020-12-17 03:13:36.110634','127.0.0.1','3','管理员 html widget','change','修改 value',25,1),(7,'2020-12-17 03:13:51.811836','127.0.0.1',NULL,'','delete','批量删除 1 个 用户小组件',NULL,1),(8,'2020-12-17 03:14:48.196545','127.0.0.1',NULL,'','delete','批量删除 1 个 用户小组件',NULL,1),(9,'2020-12-17 03:17:36.657585','127.0.0.1','5','管理员 html widget','change','修改 value',25,1),(10,'2020-12-17 03:18:03.540913','127.0.0.1','5','管理员 html widget','change','修改 value',25,1),(11,'2020-12-17 03:18:15.738058','127.0.0.1',NULL,'','delete','批量删除 1 个 用户小组件',NULL,1),(12,'2020-12-17 03:18:41.280725','127.0.0.1',NULL,'','delete','批量删除 1 个 用户小组件',NULL,1),(13,'2020-12-17 03:20:24.344483','127.0.0.1',NULL,'','delete','批量删除 1 个 用户信息',NULL,1),(14,'2020-12-24 01:16:29.734673','127.0.0.1','10000','CSaba','create','已添加。',23,1),(15,'2020-12-24 01:28:15.297173','127.0.0.1','90','12321','create','已添加。',6,1),(16,'2020-12-24 01:34:56.285404','127.0.0.1','91','1312','create','已添加。',6,1),(17,'2020-12-24 01:35:43.540728','127.0.0.1','91','1312','delete','',6,1);
/*!40000 ALTER TABLE `xadmin_log` ENABLE KEYS */;
UNLOCK TABLES;

--
-- Table structure for table `xadmin_usersettings`
--

DROP TABLE IF EXISTS `xadmin_usersettings`;
/*!40101 SET @saved_cs_client     = @@character_set_client */;
/*!50503 SET character_set_client = utf8mb4 */;
CREATE TABLE `xadmin_usersettings` (
  `id` int(11) NOT NULL AUTO_INCREMENT,
  `key` varchar(256) NOT NULL,
  `value` longtext NOT NULL,
  `user_id` int(11) NOT NULL,
  PRIMARY KEY (`id`),
  KEY `xadmin_usersettings_user_id_edeabe4a_fk_users_userprofile_id` (`user_id`),
  CONSTRAINT `xadmin_usersettings_user_id_edeabe4a_fk_users_userprofile_id` FOREIGN KEY (`user_id`) REFERENCES `users_userprofile` (`id`)
) ENGINE=InnoDB AUTO_INCREMENT=3 DEFAULT CHARSET=utf8;
/*!40101 SET character_set_client = @saved_cs_client */;

--
-- Dumping data for table `xadmin_usersettings`
--

LOCK TABLES `xadmin_usersettings` WRITE;
/*!40000 ALTER TABLE `xadmin_usersettings` DISABLE KEYS */;
INSERT INTO `xadmin_usersettings` VALUES (1,'dashboard:home:pos','8,7',1),(2,'site-theme','/static/xadmin/css/themes/bootstrap-xadmin.css',1);
/*!40000 ALTER TABLE `xadmin_usersettings` ENABLE KEYS */;
UNLOCK TABLES;

--
-- Table structure for table `xadmin_userwidget`
--

DROP TABLE IF EXISTS `xadmin_userwidget`;
/*!40101 SET @saved_cs_client     = @@character_set_client */;
/*!50503 SET character_set_client = utf8mb4 */;
CREATE TABLE `xadmin_userwidget` (
  `id` int(11) NOT NULL AUTO_INCREMENT,
  `page_id` varchar(256) NOT NULL,
  `widget_type` varchar(50) NOT NULL,
  `value` longtext NOT NULL,
  `user_id` int(11) NOT NULL,
  PRIMARY KEY (`id`),
  KEY `xadmin_userwidget_user_id_c159233a_fk_users_userprofile_id` (`user_id`),
  CONSTRAINT `xadmin_userwidget_user_id_c159233a_fk_users_userprofile_id` FOREIGN KEY (`user_id`) REFERENCES `users_userprofile` (`id`)
) ENGINE=InnoDB AUTO_INCREMENT=9 DEFAULT CHARSET=utf8;
/*!40101 SET character_set_client = @saved_cs_client */;

--
-- Dumping data for table `xadmin_userwidget`
--

LOCK TABLES `xadmin_userwidget` WRITE;
/*!40000 ALTER TABLE `xadmin_userwidget` DISABLE KEYS */;
INSERT INTO `xadmin_userwidget` VALUES (7,'home','html','{\"title\": \"123\", \"content\": \"<!DOCTYPE html>\\r\\n<html lang=\\\"en\\\">\\r\\n<head>\\r\\n    <meta charset=\\\"UTF-8\\\">\\r\\n    <title>Title</title>\\r\\n</head>\\r\\n<body>\\r\\n\\r\\n\\t\\r\\n\\t\\t<input id=\\\"upfile\\\" name=\\\"upfile\\\" type=\\\"file\\\" multiple=\\\"multiple\\\" />\\r\\n\\r\\n\\t\\t<div id=\\\"result\\\"></div>\\r\\n\\t\\r\\n<script type=\\\"text/javascript\\\">\\r\\n\\r\\n\\t document.getElementById(\\\"upfile\\\").addEventListener(\\\"change\\\",function () {\\r\\n\\r\\n\\t\\tvar file = document.getElementById(\'upfile\').files[0];\\r\\n\\r\\n\\t\\tconsole.log(file);\\r\\n\\r\\n\\t\\tvar reader = new FileReader();\\r\\n\\r\\n\\t\\tconsole.log(reader);\\r\\n            \\r\\n        reader.readAsText(file,\'utf-8\');\\r\\n\\r\\n \\t\\t\\treader.onload = function () {\\r\\n                document.getElementById(\'result\').innerHTML = reader.result;\\r\\n            }\\r\\n    });\\r\\n\\r\\n\\t\\r\\n\\t\\r\\n\\r\\n</script>\\r\\n</body>\\r\\n</html>\"}',1),(8,'home','addform','{\"title\": \"添加课程\", \"model\": \"courses.course\"}',1);
/*!40000 ALTER TABLE `xadmin_userwidget` ENABLE KEYS */;
UNLOCK TABLES;
/*!40103 SET TIME_ZONE=@OLD_TIME_ZONE */;

/*!40101 SET SQL_MODE=@OLD_SQL_MODE */;
/*!40014 SET FOREIGN_KEY_CHECKS=@OLD_FOREIGN_KEY_CHECKS */;
/*!40014 SET UNIQUE_CHECKS=@OLD_UNIQUE_CHECKS */;
/*!40101 SET CHARACTER_SET_CLIENT=@OLD_CHARACTER_SET_CLIENT */;
/*!40101 SET CHARACTER_SET_RESULTS=@OLD_CHARACTER_SET_RESULTS */;
/*!40101 SET COLLATION_CONNECTION=@OLD_COLLATION_CONNECTION */;
/*!40111 SET SQL_NOTES=@OLD_SQL_NOTES */;

-- Dump completed on 2020-12-25  2:05:45
